mot,occurrence
a,8155
ai,6656
na,6155
e,3982
nyè,3714
ndò,3377
ya,3044
bò,2408
mod,1831
asu,1693
bod,1690
anë,1679
mina,1625
zamba,1545
ki,1529
fë,1455
ma,1362
amu,1230
yesus,1144
abë,1068
ngë,1022
dzam,986
yë,962
hm,948
te,916
të,828
si,795
hë,704
nti,691
nyò,689
bia,649
wa,637
mam,632
eyòṅ,623
ayi,587
tò,579
nala,578
kristus,572
yob,570
nyòl,552
abui,542
bë,518
mbol,500
më,492
tègè,474
da,470
bësë,466
nda,460
ziṅ,460
ete,451
woe,449
man,422
nsisim,417
bi,392
nnëm,386
ngul,384
dzi,382
ba,382
angabë,380
adzo,373
esë,372
mòn,365
dzoe,359
osë,347
mbòg,345
mayi,340
dzie,339
ha,338
enyiṅ,337
abog,335
bayi,327
abò,325
ṅyëbë,323
hala,319
onë,318
dzom,316
sòṅ,315
enë,314
waan,308
amos,296
mvende,292
ṅnyè,290
bënë,289
ngò,284
osu,284
dze,280
mò,274
di,273
etoa,273
mbëṅ,251
fò,250
abëlë,249
akyaè,248
së,248
bëyègè,248
boe,247
bëngabë,241
mis,241
mënë,241
mininga,239
mi,235
yen,233
ebug,232
paulus,232
esye,229
mbëmbë,227
die,222
atoa,222
nnam,220
edzoe,220
bëbëla,217
dò,216
kan,216
dzò,216
yuden,216
etye,212
esya,209
akë,206
mësë,205
mvus,202
miayi,200
bòn,193
hom,191
zaṅ,189
kui,188
nyi,188
ndon,185
akui,184
wama,184
duma,183
ban,177
foe,177
petrus,176
makad,174
mvoè,174
tara,173
za,168
mbò,166
emen,166
awu,164
azu,163
zen,159
mfufub,158
kòm,157
akëlë,156
binë,156
yerusalem,155
kë,152
ntilan,152
nga,150
bëvòg,150
yohannes,149
babëdzaṅ,149
olugu,148
minë,148
sosoo,147
wayi,146
wò,145
etòm,143
bëbè,142
vë,142
mëlu,141
nlo,140
maa,140
bidi,139
byem,138
tisòn,138
babi,137
ediṅ,135
ntol,132
yëm,132
mbë,131
wog,131
awom,129
nkòbò,126
abe,126
tempel,125
minsëm,124
nsëm,123
dzaan,123
asë,123
asò,123
sò,123
nkukuma,122
nsëṅ,121
afidi,121
kiṅ,119
anyu,116
ayen,116
mfag,115
moe,115
asëki,115
mòni,115
eyë,112
daan,112
nkunda,112
bisye,111
mëkol,110
fëg,109
ndoan,109
alodo,109
bëzimbi,106
mëki,105
amana,104
andzëki,104
nkat,104
maṅ,104
bëhaiden,104
minnëm,103
bakë,103
dama,103
mëte,102
dzama,102
bisë,102
tsit,101
mëndim,101
mfë,101
avë,100
bëben,100
mintag,100
lë,99
etam,99
apostel,99
antoa,98
yayi,98
mintye,98
kad,97
ṅyian,97
mimboan,97
mënda,96
adugan,96
zamgbal,96
fufulu,96
mfaṅ,96
englès,95
mfa,94
angabò,94
mfi,94
akuma,94
maan,93
mvòṅ,93
dzia,93
mfyè,92
ngab,91
nen,90
awola,90
ana,90
bëfada,89
miayëm,88
mimfufub,88
ngòl,88
biayi,88
avëë,88
dzaban,87
hi,87
ayëgëlë,87
kalara,87
ayòṅ,87
dzo,87
bëfarisea,86
wòṅ,86
benglès,86
mian,86
tòbò,86
bëtoa,86
boan,85
ndzoe,85
klos,85
mie,85
atarigi,85
akòbò,85
bibug,84
moses,84
nyia,84
akode,83
angakë,83
bëbe,83
israel,82
bisëb,82
fada,82
angayen,81
olun,81
bëbò,81
bandzëki,81
ndëm,79
ben,78
angavë,78
minsisim,77
kòb,76
fam,76
simun,75
we,75
nnomo,75
dëda,75
abraham,75
waban,75
ayean,74
bëkalara,74
ntye,74
mòngò,74
ele,74
galilea,74
awog,74
miabò,73
ayëm,73
ngogëlan,72
bëbëlë,72
enguṅ,72
ngòn,72
nyòlò,72
mazu,71
mayëm,71
yënë,71
manyaṅ,71
mal,71
afub,70
bëprofèt,70
bibuma,70
babò,70
biayëm,70
mëwog,70
bikoan,70
satan,69
mëwom,69
mamen,69
mëkyëbë,68
mvòm,68
bininga,68
mbo,68
dugan,67
angalom,67
bënen,67
engabë,67
mfuban,67
bëziṅ,66
asye,66
doe,66
sabbat,66
bibëlë,66
mëlò,65
mibò,65
mvua,65
bazu,65
babënyaṅ,64
layi,63
adiṅ,63
profèt,63
miaban,63
bëngavë,63
mbaṅëla,63
wu,63
bie,63
osusua,62
lala,62
kòbò,61
wayn,61
david,61
alu,61
dzal,61
mbè,61
daban,61
angakui,60
ati,60
taṅ,60
maria,60
maban,60
bëngayen,60
bëkëlë,59
mibëlë,59
ongabë,59
abim,59
ngaṅ,59
amala,59
angadzo,58
mimbog,58
olò,58
nnom,58
nòṅ,57
ṅyëgëlë,57
pilatus,57
dibi,57
angasò,56
bënyia,56
ayëmë,56
nkol,56
nguma,56
bësaṅa,56
mkpamaṅ,56
mëyòṅ,56
biyòṅ,56
mbòn,56
mindzug,56
ngëëṅ,55
atòbò,55
badzo,55
abëṅ,55
bëmana,55
abende,55
mëngabë,55
yakob,55
ayëbë,54
amen,54
etun,54
nyian,54
akad,54
abye,54
mandzëki,53
anyian,53
bëkë,53
kidi,53
nkana,53
anòṅ,53
biyie,53
mëbëlë,52
eyie,52
ziṅan,52
ngam,52
afan,52
wamen,52
mëtunëṅa,52
bitoa,51
mintomba,51
mabò,51
wabò,51
mëdugan,51
abum,51
bëwu,51
mimbu,51
etere,50
ngaga,50
bodo,50
aloe,50
asili,50
ntud,49
eyëgan,49
ntomba,49
okala,49
bëngakë,49
efaè,49
mëngayen,49
baloe,48
ntèd,48
mbòòlan,48
ve,48
ngòg,48
bëlë,48
asoe,48
adi,48
bëmbaṅëla,47
elig,47
bòngò,47
bèè,47
bakuda,47
atëlë,47
otoa,47
nkod,46
mëmana,46
wadzo,46
bëngayi,46
mayen,46
oyò,46
mbim,46
oyab,46
mëdzo,46
ayënë,46
akòbògò,46
misë,46
masëki,46
aku,45
mëbò,45
azombo,45
mana,45
alug,45
minkunda,45
bëkon,45
abëgë,45
mvit,45
fili,45
ahë,45
bëtara,45
angayi,44
bëzamba,44
kuan,44
makòbò,44
ku,44
bayëm,44
tsig,44
minkòbò,43
makë,43
mibè,43
mvulna,43
mëtari,43
abòò,43
loe,43
yudea,43
mvia,43
bisog,43
osòn,43
bëwoe,42
zie,42
bëdzoe,42
avëṅan,42
watyan,42
bësye,42
zëzë,42
asòò,41
dzoge,41
awogo,41
mëmos,40
ngal,40
bayen,40
akòg,40
obëlë,40
madzo,40
minkukuma,39
yasò,39
miama,39
endzò,39
evundu,39
obò,39
biaban,39
kogëlan,39
bëfë,39
sili,39
baban,39
mvòt,39
alod,39
alom,39
evovoe,38
minnal,38
yudas,38
angawog,38
fin,38
profet,38
esamba,38
mëyòg,38
bidzo,38
angakòbò,38
madzaṅ,37
mayean,37
tsog,37
ebëlë,37
matil,37
miṅyian,37
ekoan,37
ndimba,37
bëyëbë,37
wayean,37
herodes,37
anganòṅ,37
efunga,36
mëlè,36
manyòṅ,36
mbog,36
bibò,36
bëngakam,36
paska,36
mëtoa,36
adaṅ,36
ṅnyie,36
eban,36
dulu,36
mingabë,35
grek,35
akodo,35
toban,35
bëngadzo,35
miasëki,35
angaloe,35
kòs,35
bëbi,35
mimbëmbë,35
bëngasò,35
mëbè,35
kaṅan,35
mëmvende,35
mbil,35
okoba,34
bëngabò,34
lëdë,34
bayean,34
eboe,34
dzobo,34
angënë,34
atëbë,34
barnabas,34
akab,34
owe,34
mëlunga,34
esoa,34
du,34
mitoa,34
yosef,33
makogëlan,33
bëbëgë,33
mënyii,33
abi,33
biè,33
tòzin,33
ṅyëman,33
ndzug,33
dis,33
mëbobëla,33
mawog,33
angabi,33
angatele,33
bayëbë,33
atele,33
angakodo,33
bëngamana,32
tòṅ,32
miandzëki,32
kole,32
ntëgan,32
bingabë,32
bëngawog,32
mu,32
akud,32
ebamba,32
bësëm,32
fulu,32
mintsogan,32
bëlò,32
lod,32
angamana,32
tëbë,32
angadugan,31
angakad,31
bëbòò,31
saaṅ,31
mimfaṅ,31
bëngazu,31
yëbë,31
wayëm,31
mama,31
bëte,31
bëyëmë,31
bifaè,31
esëki,31
egipten,31
nyiṅ,31
dzan,31
nkoṅ,31
nyamëla,30
basili,30
nazaret,30
yaan,30
lom,30
biyëṅ,30
afu,30
nkòt,29
bëprofet,29
elias,29
timoteus,29
biayean,29
bënòṅò,29
badugan,29
anòṅò,29
toya,29
masedonia,29
ṅyègè,28
emana,28
abede,28
komëzan,28
nkode,28
saulus,28
bita,28
dzëṅ,28
amvoe,28
mësuṅ,28
mindindiṅ,28
bawog,28
ndindiṅ,28
kodogo,28
mvol,28
mëngawog,28
bëdzoo,27
mintèd,27
bavë,27
mala,27
masò,27
biama,27
okë,27
miè,27
efas,27
bòban,27
lèè,27
roma,27
layean,26
mingawog,26
bësòò,26
azaag,26
ayalan,26
angabende,26
fes,26
laṅ,26
filip,26
biwòman,26
oyëm,26
bëtisòn,26
baala,26
miayen,26
bëyënë,26
ewòman,26
bëyëgëlë,26
efesi,26
zaag,25
angakogëlan,25
bibè,25
dzidzia,25
ngoge,25
wazu,25
bëtëlë,25
abaala,25
mgbag,25
atye,25
anganyian,25
bama,25
ndaman,25
bëwogo,25
nsaṅ,25
kindig,25
minziziṅ,25
miyëm,25
awulu,25
zaan,25
kodeban,25
bile,25
angawu,25
mëkoe,25
vëṅan,25
ndë,24
antiokia,24
miayëbë,24
adzoo,24
ndu,24
endëgëlë,24
dzèè,24
bawoe,24
miadzo,24
kiṅa,24
bëngayëbë,24
ayene,24
sòm,24
ndzalan,24
bëntoa,24
abòd,24
alëdë,24
minsaṅ,24
avol,24
bëtan,24
alatar,24
bëyëm,24
sugan,24
biayen,24
bikë,24
ekola,24
akogëlan,24
bëzu,24
babëlë,23
bad,23
labò,23
wasëki,23
bëvë,23
mëngasò,23
tëtëlë,23
kpiim,23
kaiser,23
edzòdi,23
vi,23
angatari,23
lig,23
loṅ,23
eba,23
mëndëm,23
ndim,23
gabë,23
bëmbë,23
mimbubua,23
ntòban,23
yi,23
dili,23
ebò,22
sye,22
bëbonde,22
atòn,22
këlëg,22
isaias,22
minkana,22
kom,22
bëngakui,22
bëngadzëṅ,22
bibòò,22
ebuma,22
ṅduan,22
mbu,22
miakë,22
miayean,22
basëki,22
atari,22
lazarus,22
koan,22
miyëmë,22
ohë,22
abëdë,22
bëyen,22
bëyëṅ,22
mbara,22
biandzëki,22
yënan,22
nyu,22
nyag,22
azaa,22
mibi,22
akyëbë,22
obë,22
nkut,22
akòn,22
bëbë,22
mimbim,22
vaa,21
bian,21
mboan,21
bakad,21
abyali,21
dan,21
kaman,21
vaè,21
angayëgëlë,21
bëlè,21
bënòni,21
mmò,21
miawog,21
mëyaṅan,21
akuli,21
sik,21
vaan,21
esòò,21
yasëki,21
baan,21
ngadag,21
ayat,21
fim,21
mimbè,21
yawoge,21
engasò,21
alèd,21
atsig,20
ntsigi,20
diṅ,20
isaak,20
këlë,20
enyii,20
entoa,20
mavë,20
angakom,20
adzoe,20
azia,20
akèè,20
angatëbë,20
bëzëzë,20
ṅwuan,20
angakuli,20
minnom,20
banyian,20
kode,20
ndzò,20
bëdugan,20
awone,20
bëngadi,20
evëgëlë,20
yazu,20
aligi,20
toan,20
ngoe,20
angatòb,20
fe,19
malom,19
wakë,19
anamba,19
esil,19
sie,19
bëtòbò,19
avaa,19
abëbë,19
alamba,19
bamana,19
angabyali,19
bëngalugu,19
nkòṅ,19
tele,19
atitie,19
biyëm,19
yalan,19
ebè,19
evie,19
evòli,19
ebugbu,19
awaè,19
bëngadugan,19
badiṅ,19
va,19
anyiṅ,19
ndimi,19
afaṅ,19
minkol,19
dzongo,19
yëgëlë,19
vogolo,19
badzëṅ,19
mindindim,19
mibë,19
alaṅan,19
mëkad,19
bëzaa,19
ayaè,19
tolendoṅ,19
bëlan,19
zitam,19
basò,18
abòòg,18
mëfub,18
bëkuan,18
ngongo,18
bëngakòbò,18
bede,18
enòṅ,18
dzaṅ,18
bëngawoe,18
mimana,18
abëlan,18
banòṅ,18
mbe,18
kub,18
lazu,18
osëki,18
biasëki,18
mëloṅ,18
nsò,18
bëngabi,18
biasò,18
bëmvoe,18
awoe,18
yëman,18
adzëṅ,18
bësosoo,18
fyè,18
nkus,18
nyili,18
minlo,18
modo,18
adiṅi,18
ngomëzan,18
angabed,18
minkokòn,18
bitòm,18
mbëg,17
badi,17
ayedan,17
bimana,17
alomo,17
lende,17
mëbun,17
angatòbò,17
mësu,17
damaskus,17
biazu,17
mëkë,17
byali,17
miadzëṅ,17
eben,17
y,17
tari,17
atoan,17
zingi,17
bakogëlan,17
alugu,17
ekode,17
bëngawu,17
efë,17
nòṅò,17
ozele,17
biabò,17
osësa,17
mban,17
bëngakogëlan,17
mëhë,17
ongavë,17
akuan,17
mimfëfëg,17
yenan,17
ebe,17
sòman,17
banyiṅ,17
bëwoa,17
yabò,17
mvëṅ,17
bakui,17
ndzaṅ,17
wum,17
sezarea,17
tëbëgë,16
anòn,16
bivol,16
b,16
angasye,16
abed,16
abyandi,16
tin,16
ontoa,16
bëbòòlò,16
abòòlò,16
edinga,16
miatsog,16
bakòbò,16
dzogan,16
mëbende,16
angayalan,16
mësugan,16
soe,16
ndindim,16
biyen,16
angadiṅ,16
mëbòṅ,16
angasubu,16
bëza,16
abam,16
ndòg,16
bëbii,16
ntòlò,16
milè,16
afyaṅan,16
kafarnao,16
ntsag,16
mvam,16
minson,16
tòbëgan,16
mimkpamaṅ,16
mësimba,16
biyò,16
balom,16
nkulu,16
kokoa,16
bòòlò,16
basye,16
okëṅ,16
titus,16
atsog,15
yordan,15
otsaag,15
bësadukea,15
dòkten,15
angasoe,15
bitun,15
wadiṅ,15
mvoe,15
bingayen,15
madugan,15
mëtum,15
luman,15
mëlamba,15
enyò,15
ndib,15
afubu,15
kada,15
bëkui,15
bilè,15
bëmbarëga,15
kam,15
bëngalom,15
mënyu,15
atyan,15
elòg,15
mëzu,15
mëkòg,15
avaè,15
mëtiṅ,15
mbombog,15
betania,15
angayëbë,15
ndzòṅ,15
atsidan,15
awe,15
bëngaloe,15
mabëlë,15
kulan,15
minganòṅ,15
dzëṅan,15
abè,15
anen,15
mvu,15
akani,15
bëhë,15
mbiè,15
mësis,15
basòman,15
i,15
ebyandi,15
kristen,15
yat,14
bite,14
zebede,14
bed,14
nkala,14
mëdzaa,14
atoban,14
bëngakoan,14
mifë,14
fudi,14
evol,14
mingabò,14
nnòni,14
wawog,14
bawulu,14
sug,14
silas,14
ntum,14
angara,14
ngòdò,14
etòbògò,14
atëg,14
zaṅa,14
sob,14
balugu,14
herodès,14
waandzëki,14
etëlë,14
ayòg,14
angayëm,14
mitan,14
agripa,14
yayean,14
batuni,14
bëtëbë,14
osoe,14
dzin,14
balaṅ,14
minkus,14
asoan,14
marta,14
madiṅ,14
samëna,14
bëngakad,14
akele,14
wulu,14
minsili,14
ngala,14
bëngawoa,14
ebrea,14
nziziṅ,14
farisea,14
samaria,14
evag,14
omana,14
tëbëlë,14
nòṅan,14
bidzoe,14
mëyen,14
sësala,14
ntsogan,14
tëlë,14
mitòbò,14
aluman,14
bësatan,14
bala,14
matsog,14
mëbog,14
mbaṅ,13
tesalonika,13
kaizer,13
nyiṅan,13
festus,13
bindëgëlë,13
evus,13
bëdzin,13
salomon,13
miambara,13
ebëm,13
angayene,13
bëngalèè,13
biawoge,13
til,13
bëkama,13
ekuu,13
makaṅ,13
endaman,13
zu,13
odugan,13
elad,13
minkut,13
etuga,13
odiṅi,13
soan,13
yadaṅ,13
oyëmë,13
mintol,13
saṅ,13
angazu,13
angaku,13
bënganòṅ,13
masye,13
babënyòṅ,13
akomo,13
zoa,13
batoṅ,13
bëfudi,13
afola,13
bëngatye,13
bui,13
otsida,13
daṅ,13
bëkòbò,13
angalèè,13
mësaman,13
bëvëṅan,13
wayen,13
atimi,13
angayaè,13
dzu,13
eki,13
mësòṅ,13
bëloege,13
su,13
kodo,13
nkëlan,13
mëngakad,13
yuda,12
silba,12
bianyiṅ,12
atii,12
bëti,12
eduṅ,12
mfim,12
andreas,12
okòn,12
alò,12
sëm,12
angatye,12
wasò,12
lugu,12
bësò,12
barabbas,12
angakode,12
yafulan,12
engabò,12
mëtan,12
bëngayëm,12
nlugu,12
wayëbë,12
atala,12
angabam,12
mëbua,12
bivuvuman,12
ebulu,12
bëloe,12
akada,12
mësoe,12
ekokoma,12
akaman,12
laṅan,12
watsig,12
ayaṅan,12
avòli,12
tomas,12
bikabëli,12
bëkada,12
miayaṅan,12
ozu,12
asëm,12
babilon,12
tir,12
madzëṅ,12
ṅwuwub,12
nkanga,12
angakag,12
bëngabam,12
zakarias,12
rabbi,12
biadzo,12
bayedan,12
akoan,12
yakë,12
angatil,12
avòg,12
edzoo,12
filipi,12
ananias,12
ayaan,12
balèè,11
filipus,11
oyili,11
bëkèè,11
bikokoma,11
lad,11
miasaṅan,11
mvèt,11
korinti,11
bikui,11
tòbògan,11
awoa,11
bag,11
mëntoa,11
ovug,11
onyian,11
toa,11
mvunda,11
magdalena,11
nkyè,11
nyoa,11
mite,11
nku,11
minlaṅ,11
bëngasubu,11
mëngabò,11
tye,11
lasò,11
ndòṅ,11
bëngalig,11
bisòò,11
makit,11
bënyian,11
ebi,11
minyii,11
bëvëë,11
mintud,11
sidon,11
awulugu,11
mikë,11
bësoe,11
bëtsigi,11
otitie,11
nyëb,11
yakui,11
ayii,11
biakòbò,11
bësòman,11
akalan,11
mabende,11
mëtè,11
akële,11
dig,11
aza,11
biayëbë,11
sus,11
bidim,11
bëngatòbò,11
dzala,11
yean,11
afèd,11
angavëṅan,11
eza,11
biakë,11
miadiṅ,11
mëkëṅ,11
biasye,11
bëngatil,11
elon,11
ayanga,11
evoe,11
mëlug,11
bingabò,11
yatye,11
iskariot,11
ndoman,11
nyiina,11
dzili,11
akuu,11
miṅyene,11
nloman,11
adzèè,11
elè,11
okidi,11
asubu,11
yalod,11
bivus,11
mëyian,11
mëlëbëga,11
mafidi,11
nloe,11
bëyidi,11
haiden,11
woa,10
nkom,10
bikëlë,10
biatil,10
dzugi,10
angabede,10
alòṅ,10
abaa,10
mëtëlë,10
atoṅ,10
yadzo,10
yopa,10
mëngayi,10
alaṅ,10
adzaè,10
nkot,10
angadzëṅ,10
ntotomamaa,10
ntëbë,10
bayalan,10
tsende,10
felis,10
mëyënë,10
akaia,10
mëbug,10
angafubu,10
babë,10
abii,10
angasili,10
mingënë,10
tsaman,10
andaman,10
bëngòn,10
antëlë,10
bëdzaa,10
basug,10
mëkud,10
sama,10
ekabëli,10
mbombòg,10
bëlëdë,10
mwom,10
minnam,10
adam,10
biawog,10
mikalëga,10
bëyom,10
ali,10
mëzen,10
angalëdë,10
yonas,10
etòg,10
elisabet,10
angëdëg,10
mëkëlë,10
ambëlë,10
ongasò,10
bëngalaṅ,10
mabòòlò,10
akòṅan,10
bënyii,10
fòg,10
ngoṅ,10
ebom,10
mayëbë,10
mihë,10
bëgë,10
miëëṅ,10
akoe,10
bende,10
siria,10
bësombòg,10
mëkui,10
mfufubu,10
ndoṅ,10
bësiligi,10
baku,10
mëyëm,10
zamgbala,10
kuli,10
bëngatele,10
asi,10
mintëm,10
koe,10
ayègè,10
asuu,10
ṅhëbë,10
ekadi,10
bibëga,10
bënyiṅ,10
bingawog,10
kal,10
kye,10
bëluugu,10
ngòmëna,10
akalëga,10
abobolo,10
mbëgë,10
adid,10
tsogan,10
mingakë,9
mbòdòg,9
afulan,9
adug,9
bye,9
angavëlë,9
tòbògò,9
awuu,9
bëngabed,9
kaifas,9
awòbò,9
bëtsogo,9
bëbèè,9
kog,9
bisoo,9
bili,9
mintoa,9
midugan,9
tili,9
mimfum,9
bivoe,9
dzaè,9
onyu,9
bëdzie,9
mimfim,9
angalig,9
alig,9
ngob,9
atòṅ,9
bòd,9
mfëfëg,9
nkuan,9
angasus,9
bingayedan,9
mbanda,9
nlaṅ,9
zuṅa,9
bikag,9
miatsig,9
aben,9
mëkaban,9
sëki,9
angawulu,9
batsog,9
kornelius,9
miwogo,9
stefanus,9
silisia,9
diṅan,9
bitòbò,9
mikogëlan,9
fubu,9
mëyëmë,9
biamana,9
vol,9
mëngakë,9
mëngalom,9
mëndëg,9
kama,9
bëwog,9
batsende,9
bëntala,9
angabòòlò,9
bëkòbògò,9
akëlëg,9
enyënyam,9
alaban,9
miandzë,9
zaa,9
mëvòg,9
bëbaala,9
mëyëb,9
tuni,9
esòlò,9
ligi,9
miazu,9
fiba,9
levi,9
bëvogolo,9
taan,9
awomo,9
nali,9
mianòṅ,9
adzëṅë,9
bëtubu,9
bëngavëṅan,9
ndëgëlë,9
osò,9
angambara,9
nkoman,9
wavë,9
bëngasili,9
mbubua,9
minkaṅ,9
ndil,9
adzala,9
oyon,9
bëdiṅi,9
otoan,9
yedan,9
mingungul,9
dim,9
markus,9
zut,9
abug,9
alèè,9
biabëlë,9
mindzòṅ,9
miabë,9
sa,9
etòbò,9
minsanga,9
nsalan,9
ndum,9
melkisedek,9
sodoma,9
angatoban,8
engakë,8
bëkuu,8
batsig,8
oben,8
tag,8
ebul,8
afë,8
yakòb,8
ekye,8
ndam,8
amëm,8
faṅ,8
duuban,8
angasigi,8
bëku,8
bakam,8
ngungul,8
mivaaban,8
mayaṅan,8
mëtil,8
mvug,8
kanda,8
fidi,8
yakobus,8
nsëmë,8
yeriko,8
bihë,8
yavë,8
ovë,8
bëvaa,8
nkomo,8
angalod,8
antala,8
yaṅan,8
miṅyon,8
mëngavë,8
ebag,8
mëkogëlan,8
biayaṅan,8
eyëṅ,8
lum,8
miyëbë,8
awoge,8
asug,8
troas,8
biakad,8
bëdzoge,8
mimbëgë,8
bëngatsig,8
bëngatëbë,8
tub,8
nkaṅan,8
afëdan,8
osama,8
bëngambara,8
kus,8
fëfël,8
olam,8
wayëgëlë,8
esòg,8
bëkad,8
akègè,8
ekoa,8
ten,8
bëwusnèt,8
aye,8
bëlugu,8
bintoa,8
owulu,8
engatigëdan,8
miyënë,8
bësili,8
abobod,8
angabye,8
akëë,8
mbimbiṅ,8
bingavë,8
angakani,8
kreta,8
mbòòlò,8
mëngatil,8
betleem,8
noe,8
miabëlë,8
mësò,8
ongayen,8
ekòsaṅ,8
afudi,8
aban,8
mëfë,8
besya,8
miawoge,8
mibòò,8
miyen,8
mëkëg,8
nladan,8
angakam,8
bëtoan,8
bëdi,8
ndëg,8
otòbò,8
onòṅ,8
bakyëbë,8
bawoge,8
etoban,8
bëlodo,8
bomo,8
nkòb,8
wawoe,8
asie,8
tam,8
bëbomo,8
namba,8
walod,8
betsaida,8
batele,8
ndòmbò,8
midzie,8
bëbëdë,8
kefas,8
yandzëki,8
tende,8
miza,8
bè,8
vëg,8
alëdëgë,8
babaala,8
akònò,8
vòli,8
avogolo,8
biadzaè,8
laodisea,8
apollos,8
bënganyian,8
yaè,8
hili,8
ngamëna,8
mfëg,8
belzebul,8
edzo,8
malod,8
bibi,8
bikpëlë,8
awonòṅ,8
bibòòg,8
bilòg,7
bëlòbò,7
lòbò,7
abia,7
bamgbali,7
mëku,7
miabi,7
tëbëgan,7
okui,7
yakad,7
bingabi,7
biakogëlan,7
ayoṅ,7
emgbëm,7
mbulug,7
vëëban,7
angabëlan,7
efëma,7
wogo,7
ondanga,7
mmiè,7
kèè,7
engakui,7
etitib,7
efus,7
otëlë,7
kanga,7
tuud,7
otu,7
bëngatoṅ,7
miziṅ,7
mivëṅan,7
bëngabende,7
wabëlë,7
tie,7
dzëb,7
mingakui,7
mimbil,7
mbyalan,7
timi,7
nkoe,7
wabòòlò,7
yandaman,7
bingasò,7
mëkuli,7
batye,7
babëlan,7
misò,7
mëmvie,7
tum,7
mvindi,7
mëkyaè,7
bëngakpëlë,7
hali,7
anyuu,7
kamëna,7
bëtoṅo,7
mambara,7
bëtele,7
ayëyëm,7
bëngayëgëlë,7
tsëtsat,7
bëngënë,7
bëkogëlan,7
okòbò,7
waandaman,7
endugëlan,7
angatoan,7
yanyëb,7
lasëki,7
bisò,7
bëbama,7
mikëlë,7
ambë,7
angafèd,7
bali,7
mëwogo,7
vogëlan,7
biawulu,7
nloṅan,7
bëyii,7
ozaa,7
engamana,7
bëkal,7
engadzaṅ,7
bëdzëṅë,7
asuan,7
ongalom,7
nkè,7
mvumvug,7
biadaṅ,7
mëlam,7
latyan,7
ntsendan,7
angakuan,7
akam,7
biyanga,7
lëdëgë,7
mingayëm,7
abama,7
wakòbò,7
yëmë,7
akun,7
miasò,7
adzoge,7
akala,7
oles,7
bëngamgbali,7
abadan,7
akulan,7
akol,7
lakë,7
ezaa,7
miag,7
waluman,7
mëbiaṅ,7
mfugu,7
biabende,7
listra,7
he,7
mëkut,7
kòbògò,7
badzoe,7
digi,7
wodan,7
angayon,7
lug,7
miayëgan,7
zombo,7
mënen,7
bingaligi,7
minsum,7
bedëban,7
bëngasog,7
yëbëgan,7
amias,7
edòg,7
ewoge,7
bëloṅo,7
bëkodo,7
miyaan,7
etan,7
ekui,7
bëngayedan,7
miakoan,7
abòban,7
madaṅ,7
mëtsogo,7
mingabi,7
samaritan,7
bëtsig,7
abaag,7
angadzoge,7
akag,7
bëtari,7
wòbò,7
bëngakòn,7
ayom,7
adaṅa,7
bindi,7
bëngakodo,7
angalad,7
biwog,7
mitëlë,7
bëbëgan,7
ekëlë,7
mizu,7
sion,7
masili,7
ondzi,7
matsidan,7
lukas,7
babende,7
wambara,7
ongazu,7
angavòli,7
evaè,7
mëtyan,7
yègè,7
mëngazu,7
fëm,7
misaala,7
atsende,7
bibëm,7
ny,7
miakad,7
waanyëb,7
ndzaṅan,7
nkoan,7
ebugu,7
sulfur,6
atil,6
miakam,6
angadu,6
atoṅo,6
bingatye,6
bikye,6
owogo,6
minzëzam,6
lomo,6
tii,6
tsigëban,6
taman,6
mingayen,6
sole,6
bëngatari,6
erodiada,6
binanga,6
engavin,6
evòg,6
miaku,6
dug,6
bëngadug,6
nikodemus,6
antëm,6
aboe,6
ataman,6
abodo,6
angakèè,6
bayon,6
waandëgëlë,6
ongakòbò,6
ezëzam,6
afëdë,6
yayene,6
yabë,6
angawòbò,6
mivogolo,6
mviè,6
oku,6
midi,6
ehë,6
bëngayili,6
miwoe,6
yobo,6
awuban,6
mabë,6
bada,6
bëngabui,6
vologo,6
biawu,6
miadaṅ,6
atsigi,6
bëngalaban,6
asub,6
bitelëge,6
tarigi,6
ndo,6
bakele,6
babòòlò,6
mëngatilban,6
siprus,6
kab,6
baluman,6
dzòdiban,6
bëmbëlë,6
abie,6
bëkarëga,6
bëyanga,6
bëngasëm,6
mëvëṅ,6
bizilngan,6
evëṅan,6
yene,6
asama,6
adzòdi,6
bësubu,6
bëtaman,6
mindondòg,6
mimbombog,6
otëtëg,6
dzëṅë,6
osòò,6
mëkòbò,6
bibëgë,6
batoan,6
bëlom,6
mitoan,6
kòn,6
babed,6
bëtibili,6
ebòò,6
biyëyëm,6
bëngalum,6
bëdudu,6
abanda,6
batibili,6
lòṅ,6
binòṅ,6
biaku,6
biayanga,6
saala,6
kòṅan,6
asaala,6
onyii,6
aduu,6
alaṅa,6
toṅ,6
yit,6
biabòòlò,6
bëtye,6
aboo,6
zeyaṅ,6
bëngasuan,6
midiṅan,6
obòban,6
artemis,6
yatoban,6
bivòg,6
mabaala,6
atòbògò,6
mazuzu,6
mitsogo,6
vogolan,6
bëdzo,6
evaa,6
mëngatòb,6
miakui,6
nkanan,6
angatuni,6
kamele,6
mëngabi,6
laban,6
angatoṅ,6
asus,6
mvaman,6
bëngabaala,6
maku,6
fadi,6
akila,6
ṅwoe,6
bëngatag,6
ewumu,6
bëngalaṅëdan,6
wakad,6
bambara,6
nkabag,6
bug,6
miṅwuwub,6
angakomëzan,6
ikonium,6
matele,6
mikòbò,6
etibili,6
mvog,6
miwog,6
atsam,6
yasye,6
nlugan,6
bëngakag,6
bidzuga,6
atòb,6
esubu,6
nsili,6
wusnèt,6
adzaag,6
nkëan,6
mëwola,6
osanna,6
minlaṅëdan,6
wadzib,6
bëyal,6
bëngaduuban,6
mëligi,6
minkaṅa,6
babè,6
bëkodeban,6
nzëzam,6
tòb,6
angaloṅ,6
obi,6
emboe,6
miadi,6
kpaam,6
bingayëm,6
nnòṅò,6
avëlë,6
makyëbë,6
moman,6
mëngamana,6
babede,6
mos,6
mëbòò,6
afadi,6
lalod,6
atëgë,6
eyèt,6
tsid,6
kadan,6
ṅnòni,6
mëwòbò,6
bakodo,6
bëlòb,6
wabad,6
miadzaè,6
bingayi,6
ongënë,6
asaṅan,6
nsëlëg,6
bëkaban,6
bësamaritan,6
akarëga,6
yon,6
obye,6
kod,6
abimi,6
bivudëga,6
zam,6
etëtag,6
bawu,6
akaè,6
mëdzoo,6
nyie,6
mfum,6
ngen,6
bivë,6
ahëlë,5
mintèt,5
angoge,5
ṅyënan,5
minaṅ,5
angaduuban,5
angabombo,5
ndie,5
matari,5
bëlad,5
bëzaag,5
mësye,5
fëb,5
esusu,5
mingavë,5
bëndoman,5
bavogolo,5
mingayi,5
ndoe,5
mëtaag,5
mëfab,5
mbòm,5
mëm,5
mëwuban,5
biabi,5
ekòg,5
akilan,5
bëduuban,5
mingayègè,5
awum,5
engasus,5
fog,5
vëvëë,5
miatoṅ,5
bëwoaga,5
ongabò,5
bëtsidan,5
layenan,5
bifunga,5
enganaṅ,5
wamias,5
latoban,5
tiatira,5
bitsogo,5
minkum,5
siṅ,5
miabie,5
biatoṅ,5
balum,5
miabyandi,5
mëngasili,5
alfeus,5
mëndie,5
tsendëgan,5
akaba,5
wadi,5
nsaṅa,5
miadugan,5
midzëṅë,5
misye,5
ngòbinda,5
mvaa,5
eyòg,5
badoan,5
bëbugu,5
ayol,5
yia,5
okëlë,5
babie,5
asòbò,5
atena,5
biyëyëg,5
bëkëë,5
bëbyandigi,5
yatyan,5
bingawu,5
engakomban,5
tsidan,5
bëkomëzan,5
lënë,5
angadi,5
bëdzëṅ,5
anyaag,5
kala,5
ongabi,5
biayedan,5
mianyiṅ,5
yag,5
akama,5
wub,5
mëvëë,5
afòmbò,5
bianòṅ,5
ahëbë,5
angawoe,5
atom,5
bëbòòg,5
nkodan,5
mëdudu,5
mingakam,5
biad,5
mëkomëṅa,5
italien,5
bësoan,5
bëngaku,5
batag,5
bakuan,5
kabad,5
ayëdan,5
biadugan,5
subu,5
bëngabie,5
mabëbë,5
mëngakui,5
bayëgëlë,5
mëvë,5
asole,5
angabanda,5
dzòs,5
mëngakòbò,5
miasye,5
vòligi,5
sara,5
aristarkus,5
gaius,5
minsò,5
soṅ,5
saṅan,5
tindi,5
angafòmbò,5
atub,5
alumbu,5
mëtom,5
akòṅ,5
mëbi,5
asòman,5
bitam,5
woge,5
batòbò,5
tigibi,5
bëngatibili,5
mëngadiṅ,5
wamana,5
mëbom,5
angayedan,5
tarsis,5
mëfaṅ,5
biyëbë,5
avëëban,5
miakogëlan,5
mivaa,5
bëlomo,5
bëngadaṅ,5
waanòṅ,5
bizu,5
minyiṅ,5
kodëge,5
mayedan,5
anti,5
wom,5
mivòg,5
eyëm,5
omomoa,5
angafudi,5
yatigëdan,5
farao,5
tëgë,5
atsogo,5
voan,5
ṅyëbe,5
angamëm,5
mandzë,5
yaluman,5
bombo,5
walëdë,5
oyoo,5
mbaman,5
miatoan,5
ntaan,5
mialëdë,5
manyiṅ,5
ongadiṅ,5
mingayëbë,5
koba,5
ayoo,5
osye,5
ndi,5
akom,5
wakyëbë,5
minsaṅa,5
mboṅ,5
anyiṅi,5
kot,5
bakòb,5
bawoa,5
ekanga,5
bialod,5
tuṅ,5
mialoe,5
minsëṅ,5
mëlende,5
balëdë,5
adzoege,5
tana,5
biakui,5
afyè,5
evolo,5
andëgëlë,5
nkomëzan,5
ayedëgan,5
nënë,5
biakaṅ,5
obòò,5
miasug,5
mëfe,5
fèd,5
mvòd,5
kana,5
ofudi,5
wakulan,5
ongadzo,5
mënyiṅi,5
dzibi,5
afe,5
bësusu,5
mvigi,5
abèan,5
watsog,5
kalan,5
owoa,5
akodeban,5
owoe,5
mikad,5
basubu,5
edzëb,5
besoa,5
mialod,5
ezu,5
ovuma,5
biege,5
nlug,5
okuu,5
bòò,5
batimi,5
ayon,5
etigëdan,5
vus,5
mingawoe,5
nkas,5
bakoe,5
ngëṅ,5
mëfëg,5
ntëm,5
makaman,5
tilban,5
miyëgan,5
bëngaluman,5
mëziṅ,5
odzalëban,5
akëṅ,5
siligan,5
obaala,5
emvaṅ,5
bakag,5
anganaṅ,5
basiṅ,5
bingayëbë,5
bëngadzie,5
ngëm,5
angakòṅan,5
angalòṅ,5
sòndò,5
asogolo,5
lodo,5
edzaṅa,5
n,5
nkogolo,5
arka,5
mialaṅëdan,5
zuli,5
fòmbò,5
oyen,5
mëngatoban,5
anganòṅëban,5
mëfidigi,5
kikidigi,5
bobolo,5
mëngadzo,5
woaban,5
aaron,5
bëligi,5
dina,5
osusu,5
mitsog,5
bëyono,5
mëyedan,5
bendëge,5
mësili,5
fòmbëgan,5
alesander,5
engëṅ,5
bëbede,5
nyii,5
bëyedëgan,5
mialugu,5
edud,5
pamfilia,5
bëngakom,5
anòṅëban,5
lëntoa,4
bënyiṅi,4
bafèd,4
dzëdzaa,4
binyii,4
mëngatele,4
angaligi,4
bartolomeus,4
tsam,4
mivë,4
mimfag,4
soege,4
yawum,4
wabyandi,4
balòṅ,4
enaṅ,4
sinai,4
wafyè,4
bëfudigi,4
minkun,4
mafuu,4
madzu,4
bëkoan,4
simeon,4
bafudi,4
bësigi,4
eyalan,4
endzama,4
mëzik,4
bëngabomolo,4
angabie,4
bëbòdò,4
fumi,4
mibag,4
dzib,4
miakaman,4
okogëlan,4
bëngalug,4
watoṅ,4
ṅyëgële,4
silvanus,4
angasuan,4
aloṅo,4
asigi,4
makab,4
angakaman,4
mavaè,4
bënòniṅi,4
arimatea,4
bëlèègè,4
akubu,4
lëngabë,4
tëbëga,4
engayi,4
etele,4
binyiṅ,4
bëkusu,4
esob,4
bëngakuan,4
yimbi,4
bafëdan,4
bëyëbëgë,4
zakeus,4
mbuman,4
madug,4
angatsig,4
mintilan,4
alesandria,4
mëtye,4
fyal,4
osaala,4
ekòbògò,4
yabi,4
yavëṅan,4
avëb,4
ezilgan,4
mëngaluman,4
angakoan,4
minkan,4
mëbëgë,4
bëngatuni,4
oyëgëlë,4
bëkala,4
mwomo,4
dzalëban,4
tsogo,4
bëngadzala,4
sirenea,4
sòli,4
ongakë,4
kananea,4
byalibyali,4
akadëga,4
miwulugu,4
mënyaṅ,4
bëkomo,4
natanaèl,4
miawulu,4
afubugu,4
lëb,4
bënòṅ,4
bakpëlë,4
nkòl,4
yamana,4
nsye,4
balam,4
mimbëg,4
mgbali,4
bilig,4
biatye,4
mëngaku,4
mënganyiṅ,4
mimfèt,4
maatil,4
bëndëgëlë,4
angatsidan,4
laṅëdan,4
bëngakuli,4
abële,4
ewoe,4
ntom,4
limëṅan,4
akanga,4
mëndzaṅ,4
yian,4
ongola,4
nkum,4
gomorra,4
derba,4
ongasubu,4
mëbëdan,4
ekob,4
bëkristen,4
etogan,4
nkaban,4
mingaduuban,4
atuni,4
komban,4
angahëlë,4
mëngënë,4
miletus,4
banyie,4
abudi,4
benyamin,4
oden,4
bëkònò,4
avul,4
abëbëgë,4
enyum,4
wakòn,4
etsaman,4
endzëki,4
wulugan,4
bingaduuban,4
matias,4
angasoan,4
messias,4
abëlëgë,4
bëngakus,4
alad,4
nsamba,4
nyabi,4
biwogo,4
akuligi,4
ozaag,4
ayimbi,4
ṅwoan,4
wabie,4
tegè,4
mitëbë,4
mëbadan,4
galati,4
tarigan,4
ndzin,4
alaṅëdan,4
walad,4
sigi,4
angakulëban,4
loeban,4
biadiṅ,4
matoan,4
mëbui,4
ndom,4
alëb,4
biboṅ,4
fid,4
biadzëṅ,4
afidigi,4
bënamba,4
biwoge,4
yafëm,4
olërë,4
bëngafëdan,4
mëvòṅ,4
atindi,4
minkòṅ,4
toe,4
engakodo,4
avaag,4
tòg,4
yawòṅ,4
annas,4
mëngasye,4
bakoan,4
tug,4
asusu,4
mbògò,4
bëtil,4
basuan,4
minkòl,4
bamëm,4
ayini,4
mëtòbò,4
malig,4
bëmgbaligi,4
biam,4
emëm,4
ovaa,4
kon,4
angabëgë,4
bëngabëlan,4
bingënë,4
mëzaa,4
atëbëlë,4
fonan,4
suu,4
miayon,4
ṅwòban,4
bësòmbòg,4
balaṅëdan,4
ombë,4
ozëzaṅ,4
atëm,4
mënganòṅ,4
luu,4
ambarëga,4
aloṅ,4
angadzaṅ,4
obëgë,4
kaṅ,4
biyii,4
bëdzaag,4
alada,4
pentekoste,4
angalug,4
bòdan,4
bitye,4
bayaṅan,4
bëtëtëlan,4
mëtoan,4
nkokòn,4
tsigi,4
efe,4
ntsaman,4
ntug,4
ndzëṅan,4
anyëb,4
nnë,4
mibòd,4
mvëṅan,4
miawoe,4
nana,4
bëngabëgë,4
adzogobo,4
awòbògò,4
bëbanda,4
wone,4
evëlë,4
maag,4
ekada,4
eviege,4
abedëge,4
bëdzëbë,4
angatag,4
bingakomban,4
nòmbò,4
batub,4
akèègè,4
bëngaboe,4
yaku,4
madzaè,4
angavaè,4
nlëdë,4
angakus,4
mikam,4
adzogo,4
wadzëṅ,4
bësaala,4
biwu,4
fëan,4
bialugu,4
mëngunda,4
enòdi,4
nkokom,4
batòb,4
berenis,4
alleluia,4
mbòd,4
mëngatari,4
titima,4
angasam,4
ongawog,4
mfe,4
maloe,4
minyaa,4
mumba,4
yili,4
odzoge,4
oza,4
abulu,4
waè,4
mëfon,4
avëṅ,4
mëngoe,4
bam,4
bëse,4
ayag,4
nkòban,4
bëboe,4
ayit,4
mënòṅò,4
nyòli,4
bazuzu,4
abonde,4
ovol,4
ambara,4
mivòligi,4
asoṅ,4
mialuman,4
amaṅ,4
bëm,4
mëbam,4
yason,4
beroa,4
adudu,4
kudan,4
akobògò,4
tuban,4
ngèt,4
ovëves,4
minyian,4
abel,4
labòban,4
mimbëṅ,4
soeban,4
manna,4
big,4
badaṅ,4
minkom,4
syean,4
bitan,4
bënyamëla,4
bëkuli,4
ongayi,4
bëmëmë,4
matyan,4
walaṅ,4
okad,4
mili,4
nnëmëna,4
miadzèè,4
ebëgë,4
bëngasòg,4
akaṅ,4
kpèè,4
bëngabomë,4
wandzëki,4
mëbaala,4
o,4
ongakom,4
angabòban,4
angayaaban,4
bëwuu,4
ose,4
lakad,4
bëlindigi,4
ntumba,4
yairus,4
atsaman,4
bëngavogolo,4
angalugu,4
ekpëlë,4
bandaman,4
miabaala,4
mateus,4
yëdan,4
mëbum,4
bingakui,4
madu,4
bëngalëdë,4
atam,4
engënë,4
ewu,4
mëtaman,4
miwulu,4
biabed,4
ongaku,4
kulëban,4
lisias,4
andzë,4
obëṅ,4
bëyit,4
bingadi,4
angakab,4
atuud,4
mëfoe,4
bëngakomëzan,4
mëdaṅa,4
akpë,4
salatiel,3
milad,3
esau,3
bëhòg,3
babënyòṅa,3
mbëbala,3
angavëg,3
angayili,3
bisie,3
miadzoge,3
malugu,3
adzaṅ,3
mete,3
ekaa,3
bëngabyali,3
avolo,3
dzëki,3
bati,3
bëdzala,3
fyanga,3
bëmoe,3
ondondò,3
abòdò,3
yanyian,3
basòṅ,3
ekòn,3
balaam,3
bòdò,3
bisoa,3
akuig,3
mikama,3
bëngakòṅan,3
midzugi,3
engëngam,3
mibëbëgë,3
zorobabel,3
ongon,3
mëben,3
mëngawu,3
priskila,3
kud,3
wamëm,3
minyiṅi,3
mingalaṅ,3
nnëṅ,3
atègè,3
waanyiṅ,3
fububan,3
eliakim,3
bëngayit,3
ekag,3
galius,3
ayenë,3
areopagus,3
mingawu,3
bimvaṅ,3
sòò,3
asoege,3
mëyaaban,3
mibindi,3
atui,3
minyu,3
nyanga,3
ntòg,3
apolos,3
bayene,3
biabëbë,3
bëkab,3
bëngasye,3
mëfodan,3
esaman,3
enok,3
tëg,3
angadzibi,3
bëbobolo,3
babëbë,3
ndian,3
bëngayia,3
bënganyu,3
bitari,3
tubu,3
fubugan,3
batari,3
bibas,3
mësòman,3
bësilfas,3
dzuan,3
bikodeban,3
atubu,3
sanda,3
walugu,3
adzie,3
bitëlë,3
biatoan,3
tiberiad,3
angafyè,3
angatsende,3
wam,3
babëdzaṅa,3
ngongogële,3
tigëdan,3
bëbyali,3
ebëg,3
ekokòbò,3
atyege,3
angadzie,3
okus,3
mikada,3
abba,3
biziṅ,3
tama,3
sardis,3
ewuma,3
mesë,3
bayaè,3
efulan,3
miasòg,3
misaman,3
engaloṅëban,3
bëngaligi,3
wabed,3
akomëzan,3
aduban,3
ndzaman,3
avëg,3
mimvumvug,3
efumu,3
ofumi,3
tilig,3
ninive,3
asiege,3
an,3
afëm,3
mëdzala,3
alèègè,3
mabad,3
osòòg,3
mëbòban,3
nsul,3
rahab,3
yatag,3
angabomban,3
boaz,3
salmon,3
mëngabed,3
watòbò,3
sirena,3
miyanga,3
wun,3
malëb,3
bëmvelkuma,3
midaṅa,3
biwulugu,3
bëngasòman,3
loya,3
ongayègè,3
teofil,3
batsag,3
bëngafudi,3
bëbëbëgë,3
angasuu,3
eye,3
aboṅ,3
bëyid,3
ezëzëk,3
lëngasò,3
yatsende,3
eligi,3
edzi,3
bibëdë,3
bëlaṅëdan,3
bingat,3
vòd,3
duban,3
mëyom,3
mëtsig,3
biasole,3
bëkyëbë,3
akulëban,3
kyaè,3
bidiṅan,3
anganyiṅ,3
mikulan,3
mitub,3
nyòò,3
mbëdan,3
miabëbë,3
natanael,3
wundi,3
angadzoe,3
obobòd,3
biyëmë,3
engongom,3
demetrius,3
erastus,3
mësoṅ,3
bëgrek,3
badzala,3
tiga,3
mingadugan,3
baalan,3
mëngadzie,3
esò,3
mingatègè,3
yanaṅ,3
angaben,3
bëyiigi,3
biwulu,3
wawulu,3
ntui,3
bëfaṅ,3
biatòbò,3
bianyian,3
yosèf,3
filadelfia,3
smirna,3
ovaè,3
ekan,3
loege,3
omega,3
ahama,3
oyaan,3
nlòb,3
biavë,3
mira,3
ndondòg,3
adzaa,3
almosen,3
mafudi,3
hëg,3
amgbali,3
mëyënan,3
mëngabòban,3
bingakogëlan,3
waloe,3
bivëgëlë,3
adzu,3
ayëbëgë,3
diban,3
bëlëgan,3
bingatil,3
miatii,3
alfa,3
mënyuṅ,3
angataman,3
minsòs,3
akògò,3
adu,3
efubu,3
abindigi,3
ntaman,3
suman,3
midzoo,3
bives,3
ebëdë,3
bingatari,3
mëmaṅ,3
bëbimiṅi,3
mëndèn,3
biabad,3
wafèd,3
kpè,3
bëwòbògò,3
manòṅ,3
angayenan,3
mëyëgëlë,3
mëmbë,3
mingabëlan,3
yasole,3
yëmëlë,3
wakuli,3
mëngabyali,3
bësiṅi,3
mëkit,3
bëngatsog,3
anyili,3
otoban,3
yenëban,3
bafëm,3
olodo,3
ayenan,3
fus,3
bandëgëlë,3
abaè,3
asam,3
ayënan,3
binganyiṅ,3
fala,3
wayanga,3
lëbòban,3
bëloṅ,3
mëbyali,3
oka,3
osi,3
miadzibi,3
asògò,3
bayanga,3
mëtii,3
nkug,3
bëdiakon,3
bisòb,3
wasë,3
babomë,3
bom,3
dilan,3
engadzo,3
hëlë,3
bëngasòdi,3
nkan,3
ekogolo,3
golgota,3
atibili,3
bësug,3
ayëman,3
fa,3
bëmgbali,3
asiṅ,3
sugu,3
miwoge,3
dian,3
bësalmen,3
bingawulu,3
ofyè,3
eli,3
kara,3
mabëlan,3
mibaala,3
mingaliṅan,3
mmè,3
biatag,3
odi,3
abindi,3
mitubu,3
angalaṅ,3
miakalan,3
mavuu,3
angakaè,3
soban,3
akusu,3
mimbarëga,3
mbarëgan,3
bësiege,3
mitsigi,3
bëbed,3
angatëbëlë,3
fol,3
bikob,3
mënyiṅ,3
mëliṅan,3
bëngasiṅ,3
edzie,3
nkënga,3
yustus,3
bëbug,3
ebog,3
bënyaa,3
tòli,3
bilëbë,3
epafroditus,3
mitag,3
mamana,3
ladaṅ,3
matag,3
abëki,3
nkalan,3
matsig,3
arabia,3
frizia,3
pontus,3
angadaṅ,3
madi,3
minòṅ,3
oyean,3
ewolo,3
fag,3
ewuwu,3
tukikos,3
bëkam,3
yesse,3
mimbòn,3
mingalom,3
miabòòlò,3
mayene,3
ntsigan,3
naason,3
aminadab,3
esrom,3
badzaè,3
yeremias,3
mintom,3
asòòg,3
epafras,3
aboda,3
ongatari,3
madzugi,3
olom,3
demas,3
onezimus,3
akuda,3
kuma,3
balod,3
bëngatègè,3
mizaa,3
ekë,3
agar,3
won,3
angayole,3
lot,3
mëndum,3
badug,3
kombo,3
kaban,3
bimi,3
bulu,3
samuel,3
anyoan,3
siloam,3
edzalëban,3
afëb,3
minkamaṅ,3
nsoan,3
bayili,3
kè,3
wuban,3
bimbëlë,3
getsemani,3
oyëṅ,3
mbedan,3
basòg,3
yakyëbë,3
bëtyege,3
yakoan,3
felfes,3
beme,3
nònëṅi,3
ayono,3
mibëgë,3
mingazu,3
wayon,3
andie,3
wogan,3
bikëla,3
fial,3
odzaṅa,3
eyaman,3
abendëge,3
mvaan,3
mëngakus,3
bingabende,3
ahëb,3
mëboda,3
engakulëban,3
wakui,3
enaṅa,3
kaba,3
awòdan,3
mindum,3
engaku,3
stefanas,3
evëë,3
mawoge,3
engadzie,3
bifë,3
lu,3
bëyaan,3
batindi,3
avoan,3
betfage,3
miadzoe,3
masug,3
bëngadzoge,3
bëkoe,3
binaṅ,3
priska,3
vaagan,3
miavogolo,3
bëngayag,3
akus,3
kain,3
asëlan,3
ṅyëgëlan,3
biandaman,3
badigi,3
angawone,3
bëbiege,3
anganamba,3
bëngaloṅ,3
badudu,3
mëkòṅ,3
sigan,3
didimos,3
ndiṅan,3
bibibian,3
bëtëbëlë,3
fimi,3
bibom,3
nyab,3
bënyie,3
angadzugi,3
bëtitima,3
angatimi,3
yëb,3
eka,3
afyal,3
miakodo,3
mibòdò,3
lidia,3
bikad,3
otòbògò,3
yavie,3
bingatòbò,3
biandzë,3
otele,3
wavaè,3
sam,3
mbaala,3
asimba,3
babyandi,3
paradis,3
otsogo,3
miasë,3
avuṅu,3
me,3
onganòṅ,3
mbanan,3
atè,3
vin,3
mëvaè,3
ekani,3
biatoban,3
kudu,3
esòli,3
miatye,3
angayëdan,3
bakèè,3
balig,3
bikpè,3
bialom,3
bianyum,3
edi,3
nkulan,3
mifuguzu,3
adzalëga,3
nkaṅ,3
yoset,3
miyono,3
miatòbò,3
angadzaè,3
ezilngan,3
bëngalad,3
bëbëlan,3
mëfan,3
basuu,3
mibòòg,3
nloan,3
angatub,3
nyui,3
mbole,3
owog,3
mëlom,3
biza,3
koman,3
mëngabende,3
bëlumu,3
ekuli,3
mëngalod,3
ezëṅ,3
dzëman,3
yadugan,3
mëyëṅ,3
mëngakalan,3
mataman,3
mia,3
mëvòt,3
onganyian,3
mingaku,3
miyëgëlë,3
homo,3
bëfòmbògò,3
ebigidi,3
ezaag,3
bëkëlëg,3
etiopia,3
befarisea,3
angatoe,3
wakogëlan,3
etelëga,3
sòbò,3
aineas,3
susu,3
midiṅi,3
nsanan,3
lëdëgan,3
genesaret,3
soo,3
bingafidi,3
abaman,3
bibëbëga,3
miavuma,3
tabita,3
lidas,3
mëluman,3
bayëdan,3
ayole,3
etyan,3
perga,3
pisidia,3
bëtëtëlë,3
bëyedan,3
yëbëgë,3
ayob,3
yanga,3
anyii,3
bânganyian,3
midzoge,3
angadzu,3
miatëb,3
waku,3
alindi,3
kuu,3
nna,3
adii,3
mënòṅ,3
bikok,3
bingavëṅan,3
bikada,3
binam,3
miasili,3
etilga,3
batsidan,3
yakòbò,3
fenisia,3
miabaman,3
gabè,3
angabindi,3
bëlëdëgë,3
klaudius,3
miasëm,3
biabë,3
mingatoṅ,3
bëngabobolo,3
akudu,3
atsidëgan,3
mazombo,3
mëbala,3
nkëban,3
bakom,3
abombo,3
biyè,3
miakòbò,3
miwaè,3
osaṅ,3
abana,3
mëngavol,2
adig,2
mësaṅ,2
angabëm,2
bëmë,2
bafumi,2
eligidi,2
ṅyenan,2
ahaman,2
bëlègè,2
adigi,2
bitandak,2
bifulan,2
miatag,2
kilomera,2
akòb,2
dudu,2
ndutum,2
yayëlë,2
ezòb,2
zoṅ,2
eboga,2
asòm,2
maba,2
eloi,2
wadzoge,2
anya,2
saloma,2
mësëki,2
batòṅ,2
mëkèè,2
wasye,2
asigan,2
matòbò,2
bëfèd,2
mavogolo,2
nyaman,2
atili,2
bësuman,2
masòg,2
babòdò,2
bëngabimi,2
rufus,2
ovogolo,2
nsu,2
angunda,2
bivula,2
mbindan,2
gabriel,2
bëngayanga,2
ongadzie,2
mëloe,2
yulius,2
biakodo,2
bingadaṅ,2
mboman,2
mëdiga,2
tsidëgan,2
miakus,2
bakani,2
asugu,2
angafoṅan,2
mambë,2
wafon,2
dzuban,2
tertulus,2
totoe,2
angatsog,2
wayalan,2
bawòbò,2
bëtii,2
mindil,2
masòman,2
këg,2
milodo,2
bëntëlë,2
bëyaṅan,2
malta,2
yafòlan,2
akpëlë,2
bodogo,2
enam,2
ewoaban,2
bëbimi,2
odaṅa,2
wabende,2
mingadzaṅ,2
zul,2
binganòṅ,2
nloean,2
azuzu,2
babui,2
gasò,2
alabinda,2
bugi,2
mëfudigi,2
angabulu,2
bayole,2
angawon,2
puplius,2
bityege,2
babëdzan,2
bëngakalan,2
basilan,2
azamba,2
bëngafòlan,2
bësama,2
bëngadig,2
elaṅa,2
ebòban,2
bëboo,2
ebòbòg,2
eboo,2
obaè,2
biyënë,2
zitèb,2
obiege,2
andëmë,2
minguma,2
mëloeban,2
akas,2
ezekias,2
manasse,2
mimfèd,2
nkada,2
bëkalan,2
mëwu,2
bëyean,2
bësode,2
mindzòmbò,2
nkad,2
sifen,2
lëbëdë,2
yënëban,2
kòbògan,2
mayag,2
mëkada,2
bëbaa,2
wakoman,2
mësòlò,2
wadaṅ,2
angakaṅ,2
yabende,2
esog,2
mbendan,2
otyan,2
roboam,2
asaf,2
yosafat,2
yoram,2
ozia,2
yoatam,2
bëtuigi,2
bartimeo,2
adzaaga,2
sipra,2
bibombo,2
asiligi,2
wuman,2
esosòli,2
watele,2
masole,2
mgba,2
rabbuni,2
tian,2
batii,2
bëngatè,2
okyëbë,2
gadarena,2
wabobolo,2
këlëban,2
bafidi,2
kalëgan,2
ongatele,2
zë,2
wavòli,2
miasòman,2
tòban,2
titimi,2
endzoe,2
badzëman,2
bayaan,2
walaṅëban,2
angakulan,2
lakub,2
bikyëbë,2
obui,2
ongadzoe,2
ye,2
ongalod,2
adiban,2
yalende,2
asos,2
mattat,2
melki,2
mattatias,2
mëbòòlò,2
adzimbi,2
vëlë,2
bivundu,2
kat,2
biben,2
ovòli,2
skeva,2
lèd,2
abada,2
ewonëban,2
nlui,2
sala,2
bëngalam,2
trofim,2
biabëg,2
esole,2
ebye,2
lakpè,2
bingafaè,2
bëbudigi,2
waanyian,2
bifum,2
ongasus,2
mingakodeban,2
biwum,2
nyiṅi,2
krispus,2
eyian,2
bisi,2
kainam,2
kenkrea,2
mingasò,2
sikulu,2
bikanga,2
bëdoan,2
bëngakab,2
mvie,2
abiud,2
azor,2
sadok,2
ahim,2
eliud,2
bëtempel,2
engakòn,2
bëngataman,2
ongakui,2
mafëm,2
mëngabëg,2
atud,2
mingavëëban,2
biakaban,2
lëndë,2
mifudi,2
badzugulu,2
angalomban,2
batëbë,2
toṅo,2
yosia,2
yekonia,2
enyiigi,2
afëlan,2
zebulon,2
neftali,2
sirofenika,2
mandaman,2
biafidi,2
kandan,2
bingakë,2
ekòli,2
obag,2
mëkyëbe,2
bambë,2
avòd,2
bandzë,2
nsoban,2
bakòn,2
bëngatoban,2
biakuan,2
fëfëlë,2
mingadzëṅ,2
bëngasus,2
bëngasob,2
mëkodeban,2
bibòd,2
mëkode,2
mingabugi,2
mibui,2
angatam,2
bëngabodo,2
efulu,2
mituni,2
miadiṅan,2
ndzëm,2
aluu,2
bësyeban,2
engatindi,2
bëmbëgë,2
bëngasuu,2
mihaban,2
wakòṅan,2
bëtèè,2
bingalèè,2
odzie,2
bënganyiṅ,2
bëki,2
yëan,2
mësoeban,2
mëngatsig,2
bibii,2
siligi,2
bëdaṅ,2
bëdzèègè,2
biboga,2
aha,2
ngòdòg,2
mianyian,2
ongasili,2
bikiga,2
emgbaṅ,2
bëngadzèè,2
nyiiban,2
zelot,2
bëngasyeban,2
bëkiligi,2
mimbëlë,2
minada,2
bitinia,2
bikodo,2
misòman,2
awumu,2
elëlëb,2
engatari,2
mëdiiga,2
batsam,2
miafidi,2
bëmbasana,2
batil,2
bëngayaan,2
batsaman,2
angakaèn,2
bëbendëge,2
galatika,2
muzias,2
miafudi,2
angayënan,2
olèè,2
mëtsigi,2
gerasena,2
bëkadëga,2
biawoe,2
miayanga,2
yadzëman,2
baman,2
mëngadu,2
bëngaloeban,2
tadeus,2
kelëban,2
yasëlan,2
lakòbò,2
batè,2
kpanya,2
mëlod,2
mëtam,2
efaègi,2
nloṅo,2
elaṅan,2
mabisi,2
miatam,2
nlaṅan,2
eku,2
nain,2
engongòl,2
ongatòbò,2
ndaṅan,2
ṅyebe,2
bomë,2
biwon,2
engoan,2
wabisi,2
bamias,2
ndëtëg,2
mëkub,2
mabeme,2
mëngabye,2
byean,2
bënyaban,2
bëngabèan,2
bafulan,2
angafimi,2
bëngatòb,2
bëngawum,2
etug,2
ayëdëgan,2
yangabò,2
miavëg,2
gerasene,2
atsaag,2
engaman,2
yawog,2
miakyëbë,2
bëngatsag,2
bëngafòṅòlò,2
mënyian,2
yoanna,2
kòrò,2
engafaè,2
tsag,2
lukania,2
atole,2
binganaṅ,2
bëdzu,2
dekapolis,2
mayëgëlë,2
zayaṅ,2
asòg,2
bikug,2
angaluman,2
li,2
mmias,2
aluugu,2
bifofodan,2
be,2
menë,2
salmen,2
dzòlan,2
yangayëmban,2
bëdaṅa,2
galoeban,2
otëg,2
engafëdan,2
bëngafòmbò,2
mbaalan,2
bëkii,2
telegan,2
bëngawulu,2
pafos,2
wòṅan,2
gaku,2
mëwodan,2
ongadugan,2
mityege,2
yaboman,2
mikyëbë,2
wasëm,2
wasaṅan,2
osësaṅ,2
okuban,2
abèè,2
bëtala,2
mëza,2
agabus,2
ongafyè,2
mëlodo,2
hëbë,2
obòd,2
ayin,2
matam,2
minkoe,2
olug,2
mëngafuu,2
akpaèn,2
sinagoge,2
engayaman,2
mënyëb,2
adili,2
bësaman,2
mimvòd,2
layene,2
nden,2
ayoṅo,2
yalad,2
ntòsan,2
bikuda,2
bësuu,2
angaloeban,2
angatilban,2
matii,2
oyaaban,2
mbòs,2
bëfëmë,2
mifono,2
wasole,2
yangan,2
osigi,2
yawoe,2
angasa,2
bëngasolan,2
basus,2
biakaman,2
mattan,2
tsasan,2
akaègi,2
baduuban,2
esus,2
mvag,2
mabie,2
bikop,2
mëkul,2
ovëë,2
ladzo,2
biayene,2
bialigi,2
afolo,2
engavëëban,2
miayëgëlë,2
babom,2
mëngayègè,2
miabada,2
yabëlë,2
yadzëban,2
ebòdò,2
atëgëban,2
mayanga,2
asòdan,2
bëkara,2
gakodo,2
dorkas,2
angakòn,2
bayègè,2
mëngayedan,2
bifumu,2
angaboman,2
bëluu,2
miafuguzu,2
afuguzu,2
ton,2
mialaṅ,2
bëngatoan,2
otii,2
bimò,2
yakaman,2
bëngalaṅan,2
odzëṅ,2
sëmë,2
babye,2
akodogo,2
mëlumbu,2
bëdòò,2
ndzaan,2
bëngakaban,2
biayëgan,2
biataman,2
ovangul,2
yosua,2
baloṅ,2
budi,2
bësogolo,2
angavu,2
mëngaṅ,2
akodëge,2
kpëgëlë,2
lema,2
sabaktani,2
angabumi,2
bëngavòli,2
nsanga,2
tinte,2
anyaman,2
tiigi,2
voe,2
yadzëṅ,2
akpèè,2
ovëṅan,2
bëngasie,2
mavie,2
bëngafon,2
bihëgëlë,2
bëngafial,2
fiè,2
banòdi,2
akiègè,2
bëngakud,2
bingakòbò,2
biabëlan,2
sòdi,2
bialaṅan,2
biabòd,2
bitutuga,2
watè,2
miakag,2
yoṅolo,2
haran,2
kanaan,2
sikem,2
bëlaṅa,2
ayëgële,2
kpëlë,2
ṅyon,2
miliṅan,2
meki,2
akadëgë,2
wakalan,2
etotog,2
asobo,2
engabui,2
mikaman,2
bëngandëgëlë,2
minganyiṅ,2
ṅlaṅan,2
ebudu,2
bivëë,2
aviege,2
bëtiṅi,2
obila,2
eyòn,2
alòṅò,2
bëngafaṅ,2
angawoa,2
angatonde,2
bëtam,2
bëngatsaman,2
yabyali,2
bëkè,2
angânyuu,2
akaban,2
kag,2
angadzèè,2
bivëṅan,2
bitala,2
eva,2
bilëdë,2
lëbò,2
mikui,2
bingabòban,2
nsaṅan,2
bianaṅ,2
mbòdan,2
manëṅan,2
mikab,2
biyaè,2
gamaliel,2
mabye,2
ongaman,2
mingalëdë,2
milëdëgë,2
mëliṅëna,2
otari,2
mënyëbë,2
bidaṅ,2
bëngasoe,2
mëyoṅo,2
yidëban,2
bingëṅ,2
angavëëban,2
safira,2
ekodo,2
bëngatui,2
engasubu,2
angasie,2
biandëgëlë,2
bavëgan,2
bëmvaman,2
bikama,2
ekat,2
mangasie,2
elod,2
minnomo,2
yavëëban,2
biasë,2
ndugudu,2
manëṅa,2
fulus,2
angabaman,2
biaki,2
mëngadian,2
bindigan,2
kabinda,2
aboman,2
dia,2
bikomëzan,2
mingakuan,2
mbonde,2
ntu,2
yawu,2
okodeban,2
alum,2
mëngatye,2
bëkaè,2
mès,2
tui,2
mënganyu,2
bakala,2
mimvaman,2
miayene,2
nsògan,2
angadiṅa,2
eyëmë,2
mingabomë,2
aduuban,2
angavëbë,2
syeban,2
angafaṅ,2
ekò,2
naṅ,2
binyuu,2
ongayëgëlë,2
mikodeban,2
ayëlëgë,2
bëkele,2
enyëbë,2
okònò,2
kodan,2
milada,2
okodo,2
alam,2
mënyënga,2
lëza,2
bëdë,2
miṅyëyëm,2
gabò,2
nkogëlan,2
mëkònò,2
owoaban,2
ebòn,2
wakani,2
midzuan,2
vuan,2
manyum,2
asòli,2
mabede,2
mias,2
ekongo,2
togan,2
yanyiṅ,2
midzibigi,2
woan,2
tetrarka,2
awodan,2
bëfaṅa,2
mëfyè,2
engadzëm,2
mëmvoe,2
bingabyali,2
mezopotamia,2
mëngabèan,2
mëbèan,2
okene,2
wabë,2
obende,2
dëmëlë,2
angafulan,2
okpaèn,2
kòṅ,2
evin,2
bëfëdë,2
mindidiṅ,2
angafam,2
madzoe,2
bëngakele,2
edzèè,2
ofulan,2
mëyii,2
mimbanda,2
miabuni,2
bësòg,2
minòṅò,2
manyëb,2
kolosi,2
barsabbas,2
otil,2
ndzodzongo,2
siigi,2
engatoban,2
angafëb,2
labudan,2
miakòṅan,2
bëlaṅ,2
entëlë,2
odzogo,2
mëfol,2
owuu,2
minkabag,2
odzu,2
lëbòò,2
asòlò,2
ongëmë,2
yasòman,2
esëb,2
fon,2
bëluman,2
miatoban,2
mifëdë,2
mëfudi,2
lëmbòban,2
tsendëge,2
dzoan,2
bënyaag,2
ayenëṅe,2
nye,2
yabëbë,2
arkipus,2
odzala,2
bëyëbe,2
bëngatòban,2
fud,2
siliban,2
eluman,2
vòligan,2
lëban,2
badzëb,2
bëngadzëb,2
bidzogo,2
komo,2
miawu,2
efanga,2
miyègè,2
bianyëb,2
bingadiṅ,2
bikogëlan,2
mingamana,2
vu,2
olumu,2
makoan,2
bëdzèè,2
maluman,2
bëngakèè,2
watala,2
mayaan,2
angakud,2
mëngaloe,2
bibobòg,2
bëvaè,2
bëngatubulu,2
mbarëga,2
ertsenglès,2
anyama,2
ekudi,2
atelëge,2
bikpële,2
ebòl,2
bekalara,2
bëdzaman,2
akëṅa,2
abomë,2
magdala,2
mëman,2
ntam,2
bingamana,2
mabed,2
bëtè,2
asubugu,2
mibomo,2
mëngasoeban,2
otuni,2
miavëṅan,2
atie,2
mëmbarëga,2
okoe,2
wakpèè,2
ndzòmbò,2
mibomë,2
bëtarigi,2
diakon,2
ekyëbëgë,2
obëlan,2
wafëm,2
miamana,2
onesiforus,2
mvomvòm,2
bëdiṅ,2
angakaban,2
endzie,2
mëdzie,2
mëngavëëban,2
mëkalëga,2
mafubu,2
mëngayëm,2
bëdugu,2
lëbë,2
mëfulu,2
bëbedëge,2
bitul,2
bifus,2
walèè,2
mëngalig,2
ka,2
genezaret,2
wawu,2
miabobolo,2
bëyene,2
mëbonde,2
wawum,2
balug,2
aloege,2
awoaban,2
dzagan,2
miwum,2
nkadan,2
ofèd,2
bëngatogan,2
banyu,2
mëngakani,2
yes,2
mënyi,2
òṅ,2
bidzaè,2
wayiyi,2
ṅyëgele,2
minloman,2
miadzòs,2
atoe,2
kyëbë,2
mabòban,2
filemon,2
okomëzan,2
mingatsaa,2
miëṅ,2
mingasye,2
mibie,2
bavus,2
miadzu,2
mitòbògò,2
toṅan,2
otub,2
adzalëban,2
ayiigi,2
adzòs,2
asob,2
etii,2
lòb,2
wogëban,2
miafulan,2
mëbanda,2
yedëgan,2
bënambëga,2
angaman,2
ongasòli,2
minkëkëṅ,2
okulan,2
mëlen,2
aluguban,2
angabëlë,2
ayigi,2
salem,2
miandaman,2
ongakomëzan,2
kie,2
miyalan,2
bëngakub,2
waki,2
wayene,2
okoan,2
anyaṅ,2
miavoan,2
elunga,2
biadzoge,2
kila,2
angafëdan,2
wakab,2
owonëṅe,2
lòṅan,2
bamiam,2
angamiam,2
miëngëlë,2
badzib,2
yalaṅan,2
biamëm,2
bëkodogo,2
bëngayon,2
yabad,2
angayag,2
adugu,2
afòṅòlò,2
bibendëge,2
dzëm,2
bialum,2
angasòdan,2
ndugan,2
mmiaman,2
bimgbëm,2
midzëṅ,2
mamona,2
angabyandi,2
mëkyebe,2
bubi,2
abisi,2
edzëdzala,2
mëngayaaban,2
bëbomë,2
miyon,2
biakyëbë,2
engoe,2
mëyi,2
bëkpëlë,2
yayaṅan,2
yatindi,2
komodo,2
mibëlëgë,2
yanòṅ,2
etë,2
bidzimbi,2
bëndëm,2
mibële,2
asii,2
dzëban,2
bëkuligi,2
efòg,2
ebii,2
bum,2
faige,2
ekudëga,2
akaègè,2
vian,2
daṅan,2
babyali,2
bingum,2
mbëṅë,2
wasili,2
ongatsig,2
makam,2
emmaus,2
bifidigi,2
wavëg,2
angasëm,2
adzuugi,2
kodëban,2
bingalig,2
yabòli,2
enòṅò,2
bëwoge,2
se,2
wayëgan,2
tsas,2
akaèn,2
bëngasoan,2
babobolo,2
mëtsò,2
madzòs,2
mialaṅan,2
nyami,2
mëdzu,2
wasoe,2
basoe,2
fëlan,2
edug,2
yayëm,2
mon,2
yalëdë,2
olëdë,2
mkpëgë,2
bëleviten,2
mëdu,2
zud,2
bisòm,2
ayegëlë,2
bibòn,2
biatie,2
dzibigi,2
engòṅ,2
biabaala,2
asiṅi,2
bëngahëg,2
wabëbë,2
sarda,2
mbuṅ,2
korazin,2
mënamba,2
angakilan,2
angayègè,2
mgbalan,2
mikael,2
miavë,2
layëbë,2
yòm,2
byandi,2
ongadzaṅ,2
madzèè,2
ṅwogan,2
angasyeban,2
otsende,2
edibiga,2
ongabaala,2
anyaa,2
mëyenëban,2
mbandan,2
mëngavëṅan,2
oyaa,2
yadi,2
nikolas,2
pergama,2
yavol,2
afumu,2
mëse,2
dzaag,2
mëngalaban,2
ongoge,2
bëngadiṅ,2
ongabòòlò,2
yobèd,2
yasili,2
bëvoan,2
bilod,2
bëngayidan,2
bënkulu,2
bidibiga,2
engâtindëban,2
lanyian,2
farès,2
aram,2
malèè,2
mëyili,2
mëngafudi,2
oboo,2
okëkamba,2
ladugan,2
miyedan,2
bënyu,2
elada,2
mëndëgëlë,2
bingaku,2
yaspa,2
yadig,2
lè,2
bakalan,2
nlonga,2
basob,1
miṅwowòṅ,1
mëtabi,1
avëgë,1
safir,1
bavini,1
onòn,1
engafyè,1
miku,1
mëngakam,1
bingadzie,1
aanganyian,1
lavë,1
bifyè,1
ametis,1
yasint,1
bëngayaaban,1
bingatub,1
angawoaban,1
angadug,1
mbama,1
angawodan,1
asiigi,1
amiè,1
bëtag,1
mëngafum,1
saman,1
masoe,1
odzaa,1
sikar,1
akii,1
bëduu,1
lugan,1
andamëṅan,1
bëngakòb,1
bëlug,1
nsina,1
layoṅ,1
mikodëban,1
maadzëṅ,1
obaa,1
mëlanga,1
bugëban,1
ewogo,1
mityan,1
salim,1
ainon,1
ekodeban,1
asolege,1
angasolan,1
mëngafoṅan,1
ebu,1
betsada,1
kig,1
batoban,1
mëngayobo,1
lëngasus,1
koegan,1
bëyiig,1
toegan,1
mimbuman,1
abyege,1
miyëbëgë,1
mingafidi,1
mianòṅan,1
misoan,1
miasoan,1
miabelë,1
miasoṅ,1
bëyem,1
waandṅgele,1
minyuu,1
gayen,1
miafaṅan,1
ayebë,1
mënkad,1
bibòòlò,1
otëgë,1
yafëbëlë,1
bugan,1
avundugu,1
bëbili,1
ongawulu,1
bëyemë,1
angakomodo,1
bingayenan,1
nazarèt,1
mimfëg,1
bëyaa,1
bëngabied,1
biedan,1
dzalëgan,1
bisaman,1
ankad,1
mëngaman,1
mbibiṅ,1
ongâdzòdiban,1
ebas,1
ongayab,1
bëtoya,1
nsòò,1
ansòò,1
ahëṅan,1
oṅyënë,1
mëngayenëban,1
silfas,1
wadu,1
tuk,1
ndzian,1
miakele,1
maabò,1
ongayenëban,1
ongayalan,1
wawoge,1
lakui,1
yayenëban,1
bësoegan,1
bëngadilan,1
abëmba,1
namëngan,1
miasoo,1
bikuu,1
adzaṅa,1
mayaaban,1
ṅyaan,1
oyimbi,1
bayag,1
engadugan,1
yakpèè,1
ṅyoan,1
lësoege,1
so,1
olaṅëdan,1
afono,1
ataag,1
bëkun,1
babome,1
bakab,1
kleopas,1
kilomèra,1
lëtoa,1
bandas,1
alëmbë,1
mawuwu,1
obòòlò,1
makpè,1
lumbu,1
bëyaag,1
adiliban,1
abomban,1
akabëban,1
baluu,1
mfëṅëlan,1
bëwaè,1
mfagan,1
bayëb,1
angasali,1
angadim,1
adzaègi,1
tobò,1
nzëzaa,1
bëyenë,1
angasii,1
angatui,1
babodo,1
wahan,1
mingatëbë,1
mialum,1
maalëdë,1
gâfadi,1
obii,1
emiama,1
ondaman,1
miatubtub,1
mingabie,1
wakanga,1
oyenyen,1
obyali,1
gayaè,1
biayëmyem,1
biayem,1
engalende,1
alòṅan,1
angasoo,1
bëngakoe,1
bibaè,1
angamgbali,1
bëngadò,1
dzuu,1
nyuman,1
budëban,1
minkokom,1
yonan,1
bësiṅan,1
osusa,1
miasa,1
miṅyoyòg,1
efraim,1
odzaṅ,1
afaṅa,1
ntindan,1
bavaè,1
anganyum,1
bëngayè,1
womo,1
mintie,1
afèè,1
ekònò,1
mindiṅ,1
bilòṅ,1
behòg,1
bongò,1
bikòb,1
watëg,1
basëgëzë,1
asëgëzë,1
ayëyean,1
ekpaa,1
bibaṅ,1
edudug,1
vaaga,1
ebaṅ,1
ebëbëgë,1
endëm,1
afalaga,1
mëyog,1
kubi,1
tole,1
bëfubëban,1
angakub,1
bësuṅu,1
masoeban,1
yakaban,1
mikaban,1
mabi,1
okunëṅi,1
ladilan,1
zeyan,1
yatòbò,1
afimiṅi,1
mësan,1
lënganyëb,1
mingayaṅan,1
osoo,1
wome,1
osie,1
mëngëne,1
lëvini,1
ganòṅ,1
anòṅan,1
kusu,1
ayëgë,1
bëngabëban,1
wasigan,1
etindi,1
sobo,1
waangâsob,1
basin,1
asòdi,1
makode,1
diṅi,1
bikomo,1
yayen,1
midzaè,1
mitobò,1
ongavol,1
vob,1
bingasam,1
mitele,1
ṅyangan,1
oyënan,1
madzalëban,1
mibòòlò,1
elumëṅan,1
bindugëlan,1
mëkomëzan,1
mëdzogëbo,1
walaṅan,1
obuli,1
miadimi,1
mëbuga,1
owoaga,1
mifudigi,1
bëdina,1
bidud,1
mintòṅ,1
dzòdi,1
eyoṅo,1
bëmònò,1
atone,1
ondëm,1
wayënan,1
miafon,1
amvëë,1
mindzaa,1
efono,1
mitada,1
mëngëlë,1
atsigëban,1
asilisili,1
mëtë,1
edzuga,1
endzaan,1
yadiṅ,1
bilaṅan,1
mingatòb,1
mëngabaala,1
bëyègë,1
engadig,1
mëdzoe,1
eyëbë,1
fubugu,1
okaman,1
emò,1
embiama,1
embie,1
mëngakulan,1
mëngakpaèn,1
mkpaèn,1
mëngatègè,1
koa,1
miligi,1
lësòsò,1
wayaṅan,1
mingadiṅ,1
bafaṅ,1
fudigi,1
malkus,1
mëyigi,1
kedron,1
bafudu,1
bëgëlan,1
saṅëban,1
bëngayid,1
benyia,1
wavogolo,1
dib,1
oloṅ,1
alugëban,1
bëbod,1
mitii,1
wasie,1
midzòs,1
fadëgan,1
baṅ,1
mëbodogo,1
wabodo,1
ṅyoyòg,1
atiṅ,1
mëngasòli,1
mëngafadi,1
avuman,1
wayit,1
mëkarëga,1
bëngawòbò,1
akoman,1
nkiè,1
bianyab,1
alatan,1
nazora,1
bëbaè,1
ekogëlo,1
gabata,1
hebrea,1
lithostrotos,1
wasòsò,1
bëngalod,1
oviege,1
bëwòman,1
tiṅ,1
kuligi,1
bëṅyidan,1
etòmò,1
angadzii,1
miakanga,1
angalui,1
maki,1
bafadi,1
adzaègè,1
angalaṅan,1
bëtui,1
mëbugban,1
okab,1
edzëman,1
aman,1
bëfana,1
badu,1
klopas,1
ṅdoan,1
avundu,1
mariam,1
ongadzogobo,1
mbaan,1
ebubud,1
bëëgan,1
engakog,1
tigbi,1
ahe,1
bëkògò,1
bëwulugu,1
zëg,1
mëkëmëdë,1
afami,1
yangâbugi,1
eves,1
mindëm,1
balindi,1
lengabë,1
etimi,1
wafòmbò,1
mënyaag,1
onkë,1
okalëga,1
bèban,1
fumiṅi,1
asuman,1
woagan,1
sen,1
mingâbò,1
mingâvaaban,1
mingâvaè,1
zënë,1
efòlògò,1
bulugu,1
lakyëbë,1
ombëlë,1
ongawu,1
engazuzu,1
fii,1
avaaban,1
dimëzan,1
ongamana,1
ebyali,1
abòdògò,1
yombo,1
ofaṅa,1
bëtsama,1
partia,1
abugi,1
bëfala,1
lakaban,1
lawoge,1
miakala,1
bibòbòg,1
minkud,1
bëfonda,1
bikola,1
lëngabò,1
postel,1
watòb,1
akeldamak,1
midabëra,1
miyè,1
mëkaba,1
mëngadzèè,1
avoe,1
mëban,1
abëm,1
afag,1
angadali,1
zitòg,1
asòmban,1
ekëla,1
edzaag,1
bënzëmë,1
libia,1
kapadokia,1
elam,1
medina,1
anganyii,1
ongavaaban,1
minsëṅa,1
ebëbè,1
banda,1
mingaben,1
kuig,1
babëgele,1
yandëṅa,1
ndën,1
miwomëṅe,1
ongalëdë,1
otaga,1
angatii,1
yoel,1
mbilan,1
mbëgan,1
bëngabagëban,1
alëbë,1
miafug,1
yaaga,1
mikudu,1
mikanga,1
suṅan,1
mayiyi,1
ongatag,1
akulu,1
avëbë,1
emmanuel,1
bëyole,1
ongakod,1
adzëban,1
matoban,1
miavaaban,1
awono,1
mitala,1
nyoan,1
mëfag,1
baaga,1
bëdzugi,1
enganyabi,1
lindi,1
misili,1
mingasie,1
misie,1
amëṅë,1
mvòṅëlò,1
bibòòban,1
bingatele,1
ongawòbò,1
ponsius,1
mibindigi,1
ntëlan,1
bigili,1
miawodan,1
otsaman,1
yakab,1
layaman,1
ayëmban,1
bëbui,1
binga,1
ezëzaṅ,1
kindi,1
luguban,1
okuan,1
osòli,1
angasòli,1
leviten,1
ongatigëdan,1
ntsama,1
bëngâsili,1
bingëṅa,1
ehie,1
bëyaè,1
mëngëdëg,1
ebibiam,1
wasubu,1
bibòban,1
osam,1
bituga,1
bëmatela,1
bëboege,1
bagëban,1
bikpëg,1
bagban,1
wadugan,1
bëfolo,1
rashel,1
rama,1
biatiṅ,1
bëngabuli,1
otaman,1
mikuan,1
bingakodo,1
wandzë,1
ohëg,1
mingaluman,1
tëmë,1
oyolëge,1
elaṅ,1
sòòd,1
bëdzaṅa,1
teudas,1
etòṅ,1
mingakele,1
mingafudi,1
aham,1
efëdë,1
baboe,1
basugu,1
bëtogan,1
onamba,1
timon,1
nikanor,1
prokoro,1
anganyëb,1
ekab,1
bëtëbëga,1
biakoe,1
biamias,1
bimgbaṅ,1
ofon,1
waègi,1
gavu,1
nkaba,1
angasieban,1
mavòbi,1
engabed,1
mikomo,1
atëgëlë,1
mvoṅëlo,1
miayaan,1
miasob,1
etsam,1
avovoan,1
engayedëban,1
mingakòbò,1
yangakulan,1
efidi,1
bëlama,1
angëlë,1
bëngayebë,1
nikola,1
parmenas,1
anyaṅa,1
ahaṅ,1
bëyidëgan,1
angatòṅ,1
enganòṅ,1
anyëbë,1
angabad,1
bëngafui,1
emmor,1
bëngavaè,1
minkug,1
kaldea,1
bëngabëbë,1
bidiiga,1
miavaè,1
latar,1
bëwulu,1
kilan,1
ntad,1
bëloya,1
layen,1
etelëge,1
akokoe,1
bëkpèè,1
minkyè,1
onganyaṅ,1
gavë,1
haman,1
menyii,1
madian,1
ongawoe,1
miawoean,1
mingasyeban,1
miabam,1
mvid,1
afudigi,1
adudugu,1
bëngayëb,1
bakuban,1
babam,1
bëngaladan,1
bëngafam,1
mingakom,1
raifan,1
molok,1
mingabëgë,1
mingatam,1
angalum,1
bëngamëm,1
wakus,1
wavëëban,1
bëngasigi,1
mëbòòban,1
ngulu,1
waanòni,1
yayidan,1
bëngadzè,1
arkelaus,1
aki,1
nsilan,1
ofèdban,1
endëmë,1
kolëge,1
mingadzie,1
evaaban,1
ekalig,1
biadzu,1
afubugan,1
bëngâdali,1
ondëgëlë,1
mëndëṅë,1
landëgëlë,1
andëṅë,1
tuṅulu,1
angatuṅulu,1
levit,1
oyalan,1
kandaki,1
gaza,1
esiigi,1
ewulugu,1
eloṅëban,1
nnëmë,1
nazara,1
ongafuu,1
angafon,1
nziziṅi,1
biyënan,1
bingayënan,1
biasas,1
basigi,1
amanëṅa,1
bingasòdan,1
mëyoo,1
azot,1
mëbë,1
minyaag,1
midzaag,1
mitarigi,1
ekpa,1
afufudi,1
wayedan,1
midzëb,1
bakomëzan,1
angatiṅ,1
mitëtëlan,1
nkògò,1
saron,1
okom,1
angakòb,1
ebuguban,1
ekama,1
biyedan,1
angatëgë,1
biavogolo,1
bikobo,1
laben,1
awundi,1
mëdzibigi,1
gabam,1
ṅloṅan,1
oyënë,1
bifyègè,1
lakam,1
wasoo,1
nòṅëban,1
kumaa,1
angayëmëban,1
angafod,1
bëngayègè,1
angabagban,1
angayin,1
adim,1
ebugi,1
këlan,1
angahëbë,1
bëngayene,1
mëngakaè,1
malaṅëdan,1
gënë,1
yasoeban,1
eliazar,1
eleazar,1
bimëm,1
obie,1
tindigi,1
mëngasòdan,1
avël,1
engafum,1
nyumulu,1
bëtili,1
bësie,1
bëg,1
angoe,1
mëdzogobo,1
wayimbi,1
bëkalëga,1
alëde,1
engakogëlan,1
bikoa,1
salamina,1
manas,1
lukius,1
niger,1
ebulban,1
bitum,1
angabimi,1
enyi,1
angabòd,1
blastus,1
mimbë,1
roda,1
lam,1
atomo,1
ongayaaban,1
mayënan,1
angatsam,1
miawone,1
ndòngò,1
nkud,1
sasan,1
ṅyëban,1
amba,1
bëfidi,1
besiege,1
mëngatsigi,1
angakodeban,1
toaṅ,1
angabëbë,1
elimas,1
sergius,1
bar,1
mayenan,1
mëngadzoban,1
bëngatub,1
bëyimbi,1
obugi,1
tibili,1
angaboe,1
bingavòbi,1
bëhëlë,1
abiman,1
bayiyi,1
mëbye,1
bëdzòsò,1
mësòdi,1
kis,1
saul,1
bëfidigi,1
bëfugu,1
anon,1
susana,1
kudza,1
mëbedan,1
badzu,1
afimi,1
mavëg,1
mvola,1
nkole,1
bëngasogolo,1
engatsaman,1
bëngatòli,1
bëyini,1
midimëzan,1
mëwulu,1
bivovol,1
yanamba,1
nlòmbi,1
gabanda,1
nsòg,1
bëloegan,1
alolod,1
yafoṅan,1
zes,1
akalëgi,1
hermès,1
yupiter,1
vëgëlë,1
okaban,1
biyenan,1
angâmëm,1
bëmvëlkuma,1
engayaan,1
bibolan,1
kele,1
bëdzalëga,1
bëngavëëban,1
ahala,1
atalia,1
bayome,1
bëlëbë,1
bëwonëṅe,1
bòlan,1
bëwudan,1
angadzala,1
mawum,1
bibende,1
yasoan,1
bavëṅan,1
akoa,1
miahëbë,1
miafuban,1
ewòli,1
omboo,1
mëmbara,1
bingaman,1
biadzimbi,1
suguzu,1
sum,1
mengâsye,1
angâsye,1
mëngâmëm,1
bakole,1
miakole,1
dali,1
wakaman,1
angafag,1
mialòṅ,1
asas,1
yayëmban,1
mvomvol,1
ndidim,1
ṅyinan,1
ṅsëgëzan,1
abom,1
miakpèè,1
kali,1
biangabë,1
bingadzëṅ,1
daṅa,1
basaala,1
mitaag,1
bëkòṅan,1
bëtimiṅi,1
basyeban,1
mëngawon,1
bëtama,1
bëngawone,1
tsik,1
bilom,1
bitogan,1
mëngadzugulu,1
bëtòb,1
mikolëge,1
angatëg,1
midzuban,1
yaaṅ,1
yatsaman,1
bëngalòb,1
otëbë,1
fig,1
bëngawòndi,1
byege,1
ṅnòṅò,1
ayaa,1
boo,1
angavogolo,1
bikëë,1
neapolis,1
samotraka,1
anganyaman,1
bëvudu,1
mëyimbi,1
zëzaṅ,1
basogolo,1
wakag,1
bingâdzuuban,1
yatian,1
miyoo,1
mësòdan,1
mingayaaban,1
mingafoṅan,1
mingavogolo,1
bëyiaga,1
dzugulu,1
mëbugëban,1
ayiyi,1
stoa,1
epikurea,1
ayën,1
naman,1
eliseus,1
sarepta,1
lomban,1
ongafèdban,1
bakëkam,1
bëbindigi,1
bëbaman,1
afëlëgan,1
bësabbat,1
apolonia,1
amfipolis,1
set,1
enos,1
damaris,1
dionisius,1
bimvogolo,1
etudi,1
angabudi,1
engabonde,1
bëyia,1
bifoṅan,1
bitòbògò,1
yem,1
mawulu,1
wayëgële,1
alòb,1
nlòban,1
asòṅ,1
asamëza,1
bëfëdan,1
bëtende,1
andëm,1
ngëngaṅ,1
mëbëbëgë,1
atobò,1
mindidim,1
basoeban,1
batëb,1
alama,1
angakèan,1
matobe,1
woaga,1
olumbu,1
maleleèl,1
yaret,1
matusala,1
lamek,1
sem,1
arfaksad,1
eber,1
falek,1
ragao,1
seruk,1
nakor,1
fares,1
arni,1
admin,1
angasode,1
sosten,1
addi,1
neri,1
resa,1
yakala,1
bëkuban,1
abole,1
bëkulan,1
ayëlë,1
mavu,1
mingëngaṅ,1
bënapken,1
ongaboban,1
tiranus,1
aled,1
atoege,1
angalaṅëdan,1
biadzugulu,1
komëban,1
nduduman,1
ehëgëlë,1
yobed,1
natam,1
mattata,1
menna,1
melea,1
yonam,1
sumeon,1
yorim,1
eliezer,1
er,1
elmadam,1
kozam,1
samos,1
kios,1
bingadugan,1
mitilene,1
biyean,1
bisuan,1
ongandëṅ,1
etukos,1
angandama,1
bingabombo,1
bivovoe,1
tikikos,1
sekundus,1
pirrus,1
sopatros,1
ayili,1
mikala,1
dimi,1
layanga,1
wabi,1
yoanan,1
yoda,1
yosek,1
semein,1
maat,1
naggai,1
esli,1
nahum,1
yannai,1
wayaaban,1
esëgëzë,1
suli,1
bialig,1
edaṅa,1
patara,1
rodos,1
kos,1
miayed,1
mingasili,1
ombëmë,1
ovon,1
miakèè,1
senëban,1
bikondog,1
abilenes,1
bëngawuban,1
mëngalëdë,1
nyindi,1
azer,1
fanuel,1
anna,1
lusanius,1
trakonitis,1
iturea,1
pontius,1
tiberius,1
efòl,1
mònam,1
biyalan,1
bisugu,1
ptolemais,1
biakud,1
bësuugu,1
bisusu,1
mintui,1
efaṅa,1
mayëdan,1
ayaman,1
kirinus,1
etilban,1
augustus,1
bëlada,1
bimoè,1
mnazon,1
midzugulu,1
angâyen,1
bitòṅ,1
bëtuni,1
bëngakèan,1
mëyëman,1
mayalan,1
mëkuu,1
angakubi,1
mëngasubu,1
mëfaṅa,1
mëmvamëṅan,1
mëyègè,1
mënganaṅ,1
ayëgan,1
bezimbi,1
efida,1
mingafèdëban,1
eyoge,1
këan,1
fòṅòlò,1
afububan,1
otsigi,1
wafum,1
yadzòs,1
bësamza,1
mingambara,1
kiebë,1
wakom,1
gakani,1
mëngalèèban,1
sëgzë,1
esòbòlò,1
vagan,1
mëngasoe,1
mëyidi,1
oduuban,1
ongadim,1
ongatsende,1
antipater,1
wavuma,1
mibede,1
lafala,1
langâdzuuban,1
yangâdzuuban,1
akaan,1
yasë,1
ekubu,1
oyole,1
bëkani,1
bëyili,1
bikani,1
saṅa,1
badzòs,1
mëyëbëgë,1
evovolan,1
mamëm,1
mëtogan,1
mëfëdan,1
bilam,1
maduban,1
angadzègè,1
tumi,1
yole,1
angabodo,1
bëngabaman,1
biasòman,1
biatsig,1
atsag,1
ndëngëlë,1
bësuan,1
odzo,1
ewogëban,1
atum,1
obia,1
yiṅi,1
mëbie,1
mëngayënan,1
bësiigi,1
bëkòl,1
fòl,1
porsius,1
mingaman,1
ebana,1
drusila,1
mëfububan,1
engakad,1
wakuban,1
mëngavini,1
mëbii,1
bëngasoo,1
ntëban,1
ongakpèè,1
minkiè,1
bana,1
engabugi,1
mëbaa,1
oban,1
bëmmana,1
bëdzòs,1
adzòsò,1
mëngayalan,1
agustus,1
osòg,1
ongasòg,1
akali,1
angabëmë,1
mbëman,1
bëngakpèè,1
engavaaban,1
amvaa,1
mëtëbë,1
nkèan,1
maabi,1
bëfububan,1
mëyaè,1
matòb,1
obimi,1
bëbombo,1
lëtyege,1
fenis,1
maṅan,1
lazaias,1
bëngabog,1
okuli,1
angatondëban,1
wabug,1
bòs,1
bëngabome,1
bëdoa,1
abaloe,1
kinidus,1
adramita,1
bingabed,1
bëngawodan,1
adria,1
bivomo,1
ndzèan,1
bisaala,1
edudugu,1
bëngavom,1
tan,1
sirta,1
vom,1
biatele,1
kauda,1
bivom,1
mëngavom,1
vuṅ,1
nkulumvëṅa,1
bëngabòlan,1
endudugëlan,1
bëkarkara,1
akanëṅi,1
osinkiè,1
babomo,1
abënë,1
bòdi,1
bësòdi,1
bëkudu,1
oveves,1
mësigi,1
aya,1
elëndë,1
mera,1
bavëg,1
ledëgan,1
miyedëgan,1
batui,1
bingayaèban,1
bingëne,1
ezezaṅ,1
watsidan,1
bëngabon,1
yëdëgan,1
mikòbògò,1
waandami,1
otan,1
bëngasuli,1
sëlë,1
engalëndë,1
makubi,1
awolo,1
engatye,1
bëngakoman,1
bëvuṅu,1
bëb,1
akiṅa,1
mbòlan,1
vaagi,1
nsël,1
dzòg,1
mëdzòg,1
minkumdu,1
sëgëlan,1
wafòòbò,1
nselëg,1
vëlëgan,1
tome,1
appius,1
pozuoli,1
yavundu,1
redzio,1
sirakuza,1
dioskuri,1
olod,1
mëyanga,1
biyaṅan,1
amboo,1
angasamëza,1
landëṅ,1
atimbi,1
laham,1
ndzaag,1
mëtòbëban,1
alomëban,1
babëdzaṅan,1
mëlèè,1
enyòdi,1
bëngafèd,1
ndig,1
biegan,1
bëngasan,1
lèèban,1
bëngâbende,1
waba,1
yabèan,1
angatogan,1
anòniṅi,1
binganyian,1
bëkristus,1
langâbad,1
mindzindzie,1
biyenëban,1
mabëki,1
lëmana,1
ngomzëna,1
mbumlëna,1
mëyenëṅan,1
wasòman,1
minga,1
lëngadabëda,1
mial,1
mësiligi,1
bataman,1
biyëgëlë,1
mihama,1
mimboṅ,1
dòlò,1
edigi,1
lugëban,1
dzoo,1
mbobëlo,1
edzoge,1
lënada,1
akut,1
bënganyaban,1
lëkëlë,1
lëtarigi,1
lakulan,1
mëngahan,1
miwon,1
abën,1
ongabumi,1
akëan,1
famëṅi,1
andzo,1
wayòg,1
bëtsendëge,1
bëfyaṅan,1
andondòṅ,1
uria,1
mëkomëga,1
ndziean,1
bëlam,1
bëngabii,1
fèè,1
amiasa,1
eyoo,1
ndiman,1
nsemë,1
wadzimbi,1
lalëdë,1
bëmëm,1
angâbad,1
yakòn,1
bëngabede,1
ayoge,1
asamza,1
wadzala,1
wabaala,1
wasa,1
ofidigi,1
bënada,1
angânyian,1
aliṅan,1
akandi,1
loegan,1
timeo,1
ṅsye,1
bëngaliṅan,1
miduuban,1
mebò,1
bëkaba,1
engayalan,1
afëdëban,1
zoe,1
bikudi,1
mëvolo,1
ngëb,1
olaṅëban,1
akëlëban,1
angalaṅëban,1
walaban,1
tobe,1
odzèè,1
kidiban,1
sombòg,1
miabudiban,1
miadzuban,1
angakyëbë,1
biawone,1
odzibi,1
ayenëban,1
layenëban,1
gazu,1
nkuban,1
biwoe,1
nsòṅ,1
wakpè,1
angâbò,1
wasogolo,1
angâdzèè,1
atsama,1
fëdan,1
andzogo,1
asugzu,1
miabye,1
binada,1
ahëlëban,1
angakabëban,1
landzëki,1
ansò,1
asyege,1
woeban,1
bëdibi,1
bëyaègi,1
abigidi,1
angasugzu,1
angaladan,1
adibi,1
bësigan,1
bingadzëban,1
angafuguzan,1
bingabui,1
angayaman,1
bilad,1
bingalad,1
angâkode,1
mëngasòm,1
yatoa,1
mahan,1
mëngakaban,1
odugu,1
mëwuu,1
ekaṅa,1
nge,1
biasëm,1
miabara,1
wabada,1
ladzoe,1
ongabomban,1
yemë,1
bingafum,1
yatad,1
bivovolan,1
miavëgan,1
biwuwu,1
mingakoan,1
mingawolo,1
melò,1
misoṅo,1
bëngasilan,1
bëngavoan,1
yangavëëban,1
edudu,1
labëlë,1
laluman,1
angatègè,1
engakode,1
bingalod,1
biadò,1
dalmanuta,1
bëwolo,1
lëdugan,1
babëgëlë,1
otiiban,1
yaaban,1
effata,1
ṅhebë,1
bëfulan,1
biyëga,1
bibana,1
bingayanga,1
bingakodeban,1
biatad,1
lasòṅ,1
bëngatobe,1
bingafulan,1
eyenëban,1
osea,1
embë,1
bëhama,1
mfufulan,1
amam,1
wafëdan,1
bëyëdan,1
mëfëmë,1
rebekka,1
mëvuman,1
yatsam,1
ndzugulan,1
mëtòb,1
yayalan,1
angasòman,1
mësama,1
basiligi,1
odig,1
mikombo,1
biyaman,1
mënyëbëg,1
angâsama,1
amëmë,1
oyëbëgë,1
balaṅan,1
bayëgan,1
watam,1
angasama,1
tsigiban,1
bëngatsigiban,1
mëbëmban,1
onyaag,1
baben,1
bëngafè,1
ntòṅan,1
korban,1
mingabaala,1
biya,1
yalugu,1
bòṅ,1
bikud,1
bëtoege,1
anyiigi,1
baal,1
angayanga,1
otole,1
lëyen,1
lëmbë,1
mibëbëdan,1
ongadig,1
suugan,1
bingab,1
mfogan,1
bëbadan,1
biat,1
ntèt,1
adze,1
odali,1
malad,1
bëmban,1
nnòṅan,1
mëtamëna,1
ombara,1
tèègè,1
mëkunëṅa,1
bëtoe,1
yasubu,1
bëngabugi,1
mitam,1
etom,1
bëdzëb,1
onkëë,1
miakun,1
mitaga,1
miyoṅo,1
mèra,1
biabòban,1
vëbë,1
misasa,1
ndzëman,1
mmiasan,1
mësuli,1
dzaa,1
angafëm,1
madzugulu,1
miandëṅa,1
mëkomga,1
ndzogan,1
bihëbë,1
memvende,1
yadzala,1
mingalugu,1
layënan,1
kum,1
talita,1
bëlëgë,1
ndëgele,1
oman,1
anyamëṅan,1
mëngakubi,1
biwonan,1
nyëbë,1
angabudan,1
ṅyilan,1
tsigan,1
kudëban,1
ṅwaan,1
ṅnyiṅan,1
yëmban,1
yangâkui,1
edugan,1
lafid,1
milèd,1
mënyiiban,1
ongafëdan,1
bëdòbodò,1
bëngafid,1
akodëban,1
kòdan,1
avean,1
faè,1
yese,1
mëyiègè,1
milugu,1
ampliatus,1
yunia,1
andronikus,1
epanetus,1
mikè,1
mësoan,1
foibè,1
enyëb,1
mibaman,1
mëkalan,1
bikaè,1
mëyenë,1
mëngayag,1
iliria,1
mëkilan,1
mëfuban,1
ermas,1
patrobas,1
ermès,1
flegon,1
asinkritus,1
angatòbëban,1
persis,1
trifosas,1
trifana,1
narkisus,1
evuvuman,1
erodiona,1
aristobolus,1
apelès,1
stakus,1
urbanus,1
yazon,1
lusius,1
saalan,1
mëvòd,1
obumi,1
bëkuig,1
fogo,1
elog,1
mbamëna,1
waandzë,1
angabè,1
ongabè,1
olimpas,1
nereas,1
yulia,1
filologus,1
melè,1
angawum,1
m,1
miasban,1
abali,1
geraza,1
endindim,1
bavëlë,1
fila,1
bëloeban,1
sostene,1
ekulan,1
ṅyedan,1
kuartus,1
tersius,1
sosipater,1
mënyaman,1
mëngayili,1
obëdë,1
mingakuban,1
angavuṅ,1
mëvindi,1
embëlë,1
yatari,1
fëgë,1
dzaṅa,1
biyedëgan,1
feg,1
mësole,1
kloe,1
ongayëm,1
bog,1
bëngabag,1
engëngëṅ,1
yasòli,1
bivu,1
miyaman,1
etëlëga,1
mëla,1
mëngabè,1
minkoṅ,1
esuṅu,1
mënganyuu,1
bitimiṅi,1
yayëgëlë,1
wasoṅ,1
bëwolobo,1
nkobò,1
bikubu,1
biwolo,1
bidzie,1
bëngasaṅan,1
ekes,1
mvogëlan,1
mbëban,1
bëbëbë,1
ekègè,1
bisòlò,1
yakòbòlò,1
miatsas,1
ë,1
abad,1
kuban,1
bibe,1
miadidi,1
nsògò,1
tyan,1
ndzëmëṅan,1
bënyòkal,1
bëntelë,1
angâdzuban,1
evu,1
biadzëmë,1
otsigëban,1
bikab,1
mvuan,1
bibugi,1
ngun,1
bitaman,1
bidzibigi,1
mingatil,1
yadzoe,1
mimbobog,1
boarneges,1
bakulan,1
bëngakuban,1
lakubu,1
idumea,1
alëd,1
mingawòbòban,1
minkokoe,1
baboman,1
mifadigi,1
bëfadi,1
bëngatsigëban,1
miatele,1
walug,1
otsam,1
ongalad,1
ongaloeban,1
atobògò,1
akelëban,1
ovus,1
angatum,1
abiatar,1
makyëbe,1
mëdzaṅa,1
tonde,1
keleban,1
wadig,1
miabënan,1
edzalëga,1
mituligi,1
dzèèban,1
otala,1
odzaag,1
yawone,1
bëëgë,1
miafèd,1
afodan,1
enen,1
engakòbëban,1
kònò,1
mikoan,1
wadug,1
bëluugan,1
mëkòl,1
bakus,1
biki,1
mabelë,1
mëmbëlë,1
zezë,1
bëdian,1
badian,1
biatëgëlan,1
bingadzibi,1
bifumi,1
bingamias,1
atòs,1
anganòni,1
angawòdan,1
nkaman,1
sogolo,1
biasogolo,1
miatub,1
babeme,1
mëngayenan,1
biabobolo,1
bëdigi,1
bibag,1
alòṅa,1
bëngakode,1
bënkag,1
benë,1
abëgëlë,1
ongakogëlan,1
mëyëdan,1
mëtibili,1
matug,1
malum,1
yakogëlan,1
mëdzëṅë,1
engazu,1
ongabam,1
ongasuguzu,1
bëlobele,1
ayëdegan,1
angatobò,1
ongatindi,1
dzomo,1
mianyu,1
mawone,1
bitsaa,1
mikalan,1
biatuni,1
biafubu,1
bënganyumulu,1
binganyu,1
afas,1
minsol,1
akomodo,1
bëngafëm,1
angaduban,1
mimvòt,1
bëwaag,1
miayedan,1
yabudan,1
miasama,1
bëne,1
angakomban,1
asode,1
yabyandi,1
mëngadzoge,1
mëbindigi,1
mëkobògò,1
yazombo,1
yafidi,1
yayëbë,1
yadzibi,1
yanyie,1
bedigi,1
mabodo,1
angonga,1
etubi,1
ngòm,1
bimvaman,1
biadzëman,1
biatsog,1
wakaṅ,1
mëyiaga,1
miayag,1
ololòṅ,1
obobomo,1
miduu,1
bësoogo,1
balaban,1
angalëb,1
angatsaman,1
bafug,1
wabè,1
timiṅi,1
angakëan,1
makuli,1
mëkòbògò,1
enyungi,1
tala,1
angadzëban,1
angòg,1
h,1
engalod,1
bëwuban,1
mbarga,1
bënganyaman,1
mingakad,1
bëtòbògò,1
ndugëlan,1
bakuli,1
bëngafyal,1
atimiṅi,1
biakoan,1
engatilban,1
bingatsende,1
ekabëla,1
yaboe,1
bëge,1
bingabëgë,1
eboege,1
lasëlan,1
etari,1
binyaag,1
mandëṅ,1
waa,1
mëtègè,1
engòngòl,1
mingëlë,1
bewu,1
batogan,1
mibulugu,1
babedzaṅ,1
bidò,1
fende,1
engatigedan,1
bëngafëb,1
mifëb,1
banoni,1
bëngakòòdò,1
bakub,1
bidugan,1
banòni,1
angadib,1
angaboge,1
wadò,1
angafidi,1
bësuguzu,1
bënganoni,1
mëngabugi,1
mëngabole,1
engasali,1
afani,1
akaikus,1
fortunatus,1
awaa,1
toman,1
vëbëgan,1
ntulan,1
mulu,1
anyiege,1
ntogan,1
miayëyean,1
ndzoan,1
yin,1
angatëb,1
angakiègè,1
zòṅ,1
ntil,1
nyënya,1
mandëgëlë,1
evëves,1
biadzugi,1
biwone,1
maranatha,1
miwuban,1
miadzëman,1
angasëmë,1
yavaaban,1
eyala,1
abudigi,1
fuguzu,1
engavëṅan,1
engabi,1
asòmò,1
bëbimii,1
bevòg,1
bakodeban,1
mënyum,1
mëngayaan,1
mësaṅan,1
bikòn,1
etëgë,1
milëdë,1
bëkpëgëlë,1
ndzòmbi,1
bëbòdi,1
biye,1
yad,1
bëbomolo,1
angakalan,1
yid,1
mësoege,1
bëwudu,1
lëwoge,1
ofyèg,1
angakpè,1
basòli,1
bingadzoge,1
bitsende,1
yayadan,1
biavu,1
angadudu,1
biadudu,1
biambara,1
binyëb,1
bingayiyi,1
biyemë,1
biasòdi,1
wawome,1
abuli,1
atogan,1
mëngayëbë,1
lasye,1
eyene,1
bingavëëban,1
mëfuguzu,1
yaagan,1
mfubugan,1
mianamba,1
mitsaman,1
kodogan,1
mëwulugu,1
belial,1
biakalan,1
ondama,1
bivie,1
bialëdë,1
biayè,1
mëngavòli,1
ladan,1
minsem,1
miasuu,1
oyene,1
mitsende,1
mëngasingi,1
masingi,1
ebian,1
watsende,1
bëyèt,1
bëngalëb,1
obëb,1
hana,1
bëngavëg,1
engadzalëban,1
mëngafëdan,1
mingavòli,1
engasaṅan,1
ewog,1
biabug,1
bialuman,1
miavòli,1
yafuguzu,1
biavòli,1
mibulu,1
biafadi,1
mingakag,1
mëbòòg,1
engavëlë,1
fuguzan,1
ṅyebë,1
bingatsog,1
bëkogelan,1
mëngataman,1
etële,1
eyënë,1
wadzodzo,1
buu,1
bësimi,1
ekoe,1
timbi,1
okukud,1
raka,1
mianganyian,1
labëbë,1
makuan,1
masëm,1
angasingi,1
bëkpè,1
falëga,1
adzib,1
adian,1
yëban,1
biakam,1
maangabò,1
mëngadzib,1
mëbedëban,1
engadug,1
mamvaman,1
adzoan,1
waanaṅa,1
biahèd,1
biavëgan,1
masii,1
bidzèè,1
bikomdo,1
eyò,1
bikuli,1
bafala,1
akulëgan,1
mëtubu,1
nkun,1
babug,1
bëngadzë,1
nnen,1
ongëlë,1
anoniṅi,1
aretas,1
fas,1
mëbombo,1
mëkubu,1
mëngakobò,1
masè,1
mëlumëṅan,1
mivol,1
maloṅ,1
mimkpangos,1
abelë,1
mibii,1
nyèṅ,1
oyëbë,1
wooban,1
biyene,1
miandzeki,1
angadian,1
mëngakogëlan,1
mabulu,1
mëngalëdëban,1
malëdë,1
nòdi,1
fëṅ,1
mëngabolan,1
mëngamvaman,1
miabëbëlë,1
elodo,1
mangayëgan,1
bëyëgan,1
bitsog,1
batëg,1
bafëb,1
mëngalèè,1
asèè,1
alumëṅan,1
mëngatòbò,1
mingabòd,1
mësòò,1
wakuluban,1
bayia,1
eyon,1
mangabad,1
nyaan,1
nòan,1
evëëban,1
engabagban,1
angasan,1
abaga,1
miatari,1
mëngatoan,1
mëngabomban,1
mabug,1
ambëgë,1
ënë,1
osësaṅan,1
mingawulu,1
midzèè,1
mikandan,1
obama,1
bumiṅi,1
fono,1
mëne,1
mëtsende,1
bitsaman,1
bamvaman,1
miatie,1
nyòdi,1
mongò,1
mgbël,1
akomdo,1
biasëlan,1
mbimbi,1
odzaè,1
eyòk,1
madzëmë,1
simkala,1
mëkuan,1
miadzë,1
atsaa,1
dzëan,1
midian,1
mialoban,1
yadzalëban,1
mëkëban,1
mingaloṅëban,1
mianaṅ,1
asala,1
bakëban,1
latye,1
angakagban,1
engaboman,1
angafaè,1
bitëbë,1
mëbomban,1
engabomban,1
afumi,1
ayëan,1
atsasa,1
bëgan,1
biatsaan,1
nsol,1
bifas,1
mvëgan,1
mingaloeban,1
biasili,1
ayab,1
bingazu,1
waanyu,1
mëkonò,1
mingabòdò,1
angatindi,1
ndzaa,1
makud,1
esolò,1
obòbòd,1
mëndëmë,1
bikodogo,1
evë,1
yavòli,1
mianèd,1
ongakomban,1
adzëmëṅa,1
engakomëzan,1
akanda,1
abuguban,1
mivaè,1
bëngakanga,1
ndzònan,1
olada,1
binaṅa,1
bikòbògò,1
bëdòkten,1
mikomodo,1
miatibili,1
onyiṅ,1
bëfam,1
bëfadigi,1
mëwologo,1
makoe,1
ntëtëg,1
wakoe,1
alet,1
amëmam,1
efyèg,1
miyiaga,1
miyiagan,1
bulugan,1
batud,1
efuguzan,1
madò,1
wakè,1
babag,1
bëngabulu,1
mëngayene,1
mbuan,1
ebui,1
miakaban,1
mëyini,1
mëtsog,1
mayaè,1
midzaaga,1
mayoṅ,1
mitëbe,1
mbëmbe,1
akudëban,1
abòṅ,1
mingabulu,1
miandzi,1
yaagi,1
baham,1
besë,1
yabëdëban,1
efum,1
wakanikani,1
ongalig,1
angadzòdi,1
engëlzëg,1
dzalan,1
miluman,1
mikëan,1
minkanga,1
ekad,1
mëyono,1
mifòmbògò,1
matoṅ,1
mëtoṅo,1
mavoan,1
mëfulan,1
mëdò,1
babaè,1
miyean,1
mbagan,1
miabag,1
mëtaga,1
miafyè,1
minaṅëdan,1
madzie,1
nkomëdan,1
nèè,1
ṅyëdan,1
klemens,1
mingakodo,1
yayëdan,1
bëbëbiman,1
bëngandë,1
angatigbi,1
minlòmbi,1
abuni,1
mbembë,1
sintikè,1
mëlëbë,1
eodia,1
yakulan,1
mavëṅan,1
madzala,1
fëṅëlan,1
milaṅan,1
bitii,1
nnyè,1
minyëb,1
bidzaaga,1
biavòd,1
anaṅa,1
abugëban,1
mingatari,1
bënganyie,1
ekè,1
biavòlan,1
sitia,1
sòdan,1
mialèan,1
woean,1
atug,1
wafogo,1
wakiègè,1
waanamba,1
biwoṅa,1
angafadi,1
adzuu,1
mingadzëban,1
mingasòdi,1
mingabedëban,1
mëtala,1
mawu,1
bënyòdi,1
mikaṅa,1
engalèdëban,1
wuwub,1
miayëyëm,1
bëkoa,1
buni,1
elugu,1
le,1
biangalod,1
wulugu,1
miyiègè,1
gratsia,1
milëban,1
edzoege,1
bòan,1
biyili,1
ntòṅ,1
mëmëṅële,1
misòò,1
mingalum,1
ṅyaman,1
mingabye,1
angasulan,1
beprofet,1
langa,1
yawogan,1
mivuu,1
mingavu,1
nimfas,1
yerapolis,1
efyal,1
mitelë,1
miyii,1
bingalom,1
atene,1
bidzëṅ,1
bilèè,1
yabëki,1
mintubug,1
mindzidzie,1
daniel,1
biyenëṅan,1
minen,1
bëfëman,1
meziṅ,1
bëkaman,1
bifologo,1
miatëgëlan,1
miwonòṅo,1
ndunduman,1
bianyu,1
ntòbògan,1
bitaṅ,1
sulan,1
to,1
miafyaṅan,1
odilan,1
mbubum,1
miayègè,1
minyëbë,1
bingalëdë,1
madzëman,1
bidzala,1
oligi,1
mivu,1
mëtug,1
anoege,1
osiṅi,1
walum,1
barakia,1
miyidi,1
ewulu,1
avòligi,1
bëtsigëban,1
odzugëlan,1
miavolo,1
efema,1
wasam,1
watsigëban,1
onyëbë,1
aleksander,1
imene,1
mingatub,1
mëkpë,1
miakpaè,1
mifënë,1
miakom,1
tud,1
fen,1
angafuguzu,1
ntelan,1
bëkanëṅi,1
bëdzibi,1
oyak,1
biafòṅòlò,1
kële,1
bilumëṅan,1
oyëmëlë,1
bënganèè,1
watoan,1
mëtëgëlan,1
mfòb,1
bëbëlëgë,1
nòni,1
akomëdo,1
bëbisòb,1
mbyean,1
bëdug,1
kòg,1
ekogëlan,1
metiṅ,1
nyaag,1
ṅnyuan,1
wavolo,1
mintòban,1
bëmbara,1
yatsag,1
bëbye,1
bavoan,1
angamvaman,1
angasob,1
anganèè,1
biyega,1
oluugu,1
bënyò,1
bënyoa,1
onyiṅi,1
angasole,1
enike,1
lois,1
mvama,1
mëngogëlan,1
mëtin,1
bëbulu,1
bitag,1
mvòmvòmò,1
onyie,1
ongamëm,1
matindi,1
biadi,1
bëbelë,1
nten,1
obendëge,1
bawoman,1
biadzibi,1
bebela,1
madzibi,1
angasaṅan,1
ermogenes,1
mimini,1
otsitsit,1
miabindi,1
tëgelan,1
mimfa,1
mibyandigi,1
bikidiga,1
miatuni,1
efadag,1
figelos,1
bugeban,1
babèan,1
yambrès,1
yanes,1
bëyèègè,1
adzibigi,1
vuṅu,1
midzimbigi,1
bësob,1
ayëmëṅë,1
yabye,1
odzëṅë,1
otubu,1
filetus,1
imeneus,1
diiban,1
galasia,1
kreskes,1
mëngambara,1
obëlëgë,1
bëngakè,1
bëyën,1
banene,1
bafa,1
bënkad,1
wolo,1
matëbëlë,1
waanyoe,1
watye,1
mëngadzibi,1
ikoniom,1
ongatoan,1
linus,1
pudas,1
ebulus,1
bëhaman,1
akòli,1
eboṅ,1
son,1
miavus,1
nyiigi,1
trofus,1
mëngakodeban,1
angakè,1
mëngakaman,1
angadoan,1
karpos,1
dalmasia,1
obeme,1
bisiṅan,1
binyiṅi,1
ese,1
okòṅan,1
olëb,1
akè,1
lamvaman,1
tëb,1
doan,1
bënyëb,1
adoan,1
olëdëgë,1
yadzugulu,1
batalan,1
klaudia,1
adëmëlë,1
obòdò,1
bëlod,1
mbaaga,1
ofëmë,1
endaban,1
nsi,1
laṅa,1
wasoan,1
enonòṅò,1
ayèè,1
afia,1
bitili,1
zenas,1
nikopolis,1
tikikus,1
ovaaga,1
afubëgan,1
nyaṅëlan,1
bëbela,1
abod,1
miwoa,1
faṅan,1
antaa,1
mibanda,1
bahë,1
mëngabanda,1
eles,1
bësòṅò,1
yaloṅëban,1
bafububan,1
ebòòban,1
wonòṅ,1
matsende,1
yòg,1
sas,1
engabye,1
yanyu,1
mëwon,1
miyaṅan,1
mingayean,1
nsòm,1
biwonga,1
sal,1
binyian,1
mvumvua,1
adimi,1
ongakag,1
mëkyebë,1
biatimi,1
ntsë,1
batos,1
afaga,1
aloo,1
singi,1
bëngabindi,1
baki,1
miaki,1
okodëge,1
biavaè,1
krizopas,1
topaz,1
beril,1
sardion,1
paran,1
yatele,1
engatele,1
kyëbëgë,1
engabad,1
afad,1
la,1
kòrban,1
mënti,1
lanyëb,1
aangasie,1
bëngabòban,1
asulu,1
obili,1
angayaan,1
yaman,1
fuban,1
bëfuban,1
metin,1
wafulan,1
biafuban,1
bëfubu,1
isop,1
sud,1
lakode,1
etëtele,1
bëkerubim,1
mimfufubu,1
yayombo,1
mëngavoan,1
mëngalad,1
yabulu,1
bëwaa,1
binòṅò,1
bëtelege,1
mingazombo,1
bëngafubu,1
biavaṅ,1
biyeyëm,1
lëmbo,1
midzibi,1
miabug,1
bivòligan,1
ṅyëgan,1
mimfuban,1
abeme,1
abag,1
atuniṅi,1
bëngahaman,1
yefte,1
samson,1
barak,1
gideon,1
mëbad,1
angadzëmë,1
anyëbe,1
bëngasòli,1
angalumbu,1
bëtsog,1
bësugu,1
bëngabeme,1
ṅnòṅan,1
lëkanga,1
ṅsèan,1
bëngaben,1
waanaṅ,1
esyeban,1
yakòli,1
milimi,1
madzëm,1
bedëgan,1
ayid,1
mivoan,1
miasoe,1
bibëbë,1
bandëṅa,1
zig,1
bëngadzugi,1
bëtuli,1
bëdimi,1
mangâmbara,1
mvòli,1
mëvoan,1
osob,1
wòbògò,1
miwuwub,1
bëtsendege,1
afëṅan,1
bekus,1
engamlan,1
angatè,1
bëngatëb,1
manyaman,1
makòn,1
enamba,1
bëngadzaè,1
miasòṅ,1
edzòlan,1
ekod,1
nsum,1
tè,1
ongabòban,1
tiigan,1
beyègè,1
ongasog,1
bëliṅan,1
adzëman,1
mebè,1
dzibigan,1
mëvol,1
midzòdiban,1
ntunëṅan,1
ndudu,1
ongatoban,1
bënyaman,1
wayaan,1
nyë,1
bëbom,1
bawom,1
dziean,1
wòbògan,1
ngol,1
odaṅ,1
etsigi,1
mitsig,1
mingadug,1
ekaè,1
mitindigi,1
wasiṅ,1
milumëṅan,1
mingayidan,1
biakuli,1
ezezam,1
asësye,1
binyamiṅi,1
bëwomëṅan,1
ave,1
engawum,1
bëngakomban,1
biakag,1
komëdan,1
binama,1
gehena,1
ladigi,1
kapadosia,1
nsëme,1
engakanga,1
bëwòbò,1
ayiègè,1
miakani,1
mingakpè,1
mingatòṅ,1
sabaot,1
bëngafumi,1
mabam,1
miëṅgele,1
bayenan,1
mingaboe,1
dzòdan,1
suban,1
mingabyali,1
miban,1
tindëgan,1
bëngakulan,1
abogo,1
woṅ,1
lakoan,1
lakoe,1
labè,1
engayëmban,1
odzimbi,1
bëbindi,1
miasan,1
bëngakiègè,1
mëngëmë,1
lakulëban,1
mikarëga,1
mifidigi,1
landaman,1
afen,1
ongaloṅ,1
yanyiian,1
yoe,1
ayoe,1
bëtële,1
miadzugi,1
angazombo,1
midib,1
bëngòmëna,1
aangasama,1
bëvëvë,1
minkëṅëlë,1
obòòg,1
bësògò,1
bëmvomëgan,1
layëan,1
nsem,1
wakode,1
bëngakodeban,1
engayanga,1
miamvaman,1
mëbëdë,1
alumu,1
bibë,1
mifubugu,1
miwogan,1
mëngaluu,1
yasii,1
babilonia,1
mitobògò,1
mëlëbe,1
tone,1
avuṅ,1
banan,1
fudëgan,1
dzòdigan,1
lamana,1
badzugi,1
atotoan,1
mifon,1
yayenan,1
yabobolo,1
yabudi,1
miyëme,1
otye,1
lafyè,1
yadaṅdaṅ,1
mëvëlë,1
engawog,1
mimbumbua,1
ateen,1
badzibi,1
eyël,1
langabë,1
miangaku,1
ṅlëdan,1
manèè,1
engavë,1
ebòòg,1
wasug,1
mifëbë,1
tiiban,1
mendim,1
yëgan,1
bavaṅ,1
mavëlë,1
duman,1
bëndolo,1
mvuvug,1
bozor,1
bëngadimi,1
babiban,1
wazuzu,1
lavol,1
atindigi,1
lësòò,1
angamiad,1
angalaban,1
woban,1
mingëne,1
misoe,1
kandi,1
binyu,1
midzo,1
yatiṅ,1
biadug,1
mënganamba,1
bingafòmbò,1
naṅan,1
mingadzèè,1
mitari,1
binganyami,1
biadiṅan,1
metunëṅa,1
engakulan,1
ṅdiṅan,1
anyie,1
mifyaṅan,1
yasiṅ,1
basëlan,1
bon,1
badzèè,1
wan,1
mine,1
ake,1
yadzie,1
emian,1
miabad,1
basëm,1
asëmë,1
watègè,1
ntegan,1
yatègè,1
bibaala,1
tieban,1
zitòk,1
baaban,1
bimbòd,1
engatiiban,1
otègè,1
nyòb,1
endegëlë,1
wawoa,1
bingayebe,1
anganyie,1
evëvëë,1
basoan,1
asuṅ,1
diotrefas,1
mëngafon,1
wabugëban,1
ndidiṅ,1
bikòbò,1
nkos,1
miabëlan,1
mëngatag,1
elòmò,1
enara,1
ewoagan,1
mintòg,1
loṅan,1
miabisi,1
babòlan,1
bësaṅan,1
balòdan,1
lawulu,1
atag,1
bafòmbò,1
bëtindi,1
yè,1
mfuman,1
babisi,1
bavoe,1
korah,1
badzaṅ,1
bëvomdan,1
pergamom,1
patmos,1
mëvaa,1
wahëg,1
ehëg,1
angâbëlan,1
besòò,1
tëbële,1
subugan,1
maayëyëm,1
bënyiege,1
mëyëmban,1
mifëmë,1
mivaaga,1
mikode,1
babod,1
otili,1
etëlëge,1
ongadzoge,1
asiki,1
mëngalomban,1
wavëvëë,1
dzaba,1
ongazombo,1
ongakyègè,1
wadzibi,1
bòòban,1
hades,1
ngumaa,1
mëntala,1
makilan,1
mëngakilan,1
wasus,1
aangakui,1
nyiege,1
yesu,1
onkodo,1
ateran,1
afè,1
bëbòbò,1
biabole,1
mabag,1
matsas,1
yezabel,1
bayëbe,1
balak,1
antipas,1
aangabi,1
ongakus,1
oyaè,1
efalan,1
mëngayon,1
oyedëgan,1
mfëdan,1
bikomban,1
smaragda,1
yasper,1
mëngadi,1
mëkudu,1
makòṅan,1
osii,1
basii,1
yo,1
ntotòm,1
bikenges,1
yasulan,1
bëtiṅ,1
angavin,1
ovudan,1
mëngamba,1
angamba,1
nlot,1
evini,1
bëtsigan,1
mfan,1
wayaè,1
mingakogëlan,1
milaban,1
bidzoo,1
nkòran,1
neftalim,1
asèr,1
gad,1
ruben,1
yadzimbi,1
kpaèn,1
bëntaa,1
timan,1
bëbudubu,1
engatonde,1
kòòdò,1
ongayali,1
bëngasòbò,1
bingafami,1
wavul,1
ongasalban,1
ngom,1
absinta,1
biwuu,1
bingafyè,1
bëngâyen,1
bënglès,1
wayè,1
engâtiiban,1
bingadabëda,1
bëbële,1
ongabed,1
ndiim,1
wakala,1
zabulon,1
isakar,1
manase,1
fëdë,1
yabon,1
akpaa,1
biviege,1
bëngatiiban,1
bilodo,1
apolluon,1
abaddon,1
mëbonga,1
bikalik,1
bikadi,1
alob,1
ediiga,1
okpaa,1
otyege,1
angadzimbi,1
ongâtii,1
minyiigi,1
ongâtindi,1
yangâtègè,1
bikulan,1
nkòd,1
ozëza,1
miam,1
mvud,1
mëvëṅan,1
ovëg,1
tëbëge,1
yol,1
tëgëlan,1
labad,1
watil,1
biduṅ,1
mëngafam,1
bongo,1
tòm,1
basòm,1
yangâvëban,1
lavin,1
angumaa,1
magadan,1
ruth,1
tamar,1
zara,1
bedan,1
bëvaan,1
mbam,1
eyen,1
angalèd,1
bëngabaè,1
mibëdë,1
angayo,1
min,1
eyaa,1
engavòli,1
yatoṅ,1
engayo,1
ayële,1
yanen,1
mfaman,1
bëtòṅ,1
engavoe,1
engayene,1
angatad,1
kumba,1
angakoe,1
mëngavie,1
angafumi,1
ofumu,1
yaloe,1
anganyuu,1
luugan,1
nombò,1
ifë,1
bëngabali,1
bëkom,1
ehama,1
angatsigëban,1
akpëgëlë,1
engatoṅ,1
engatub,1
ntigëdan,1
harmagedon,1
bëbëba,1
ekomban,1
hele,1
efratis,1
bëngalob,1
engawu,1
bëkanda,1
ayaaban,1
mëngalugu,1
bëyiègè,1
mëmvèt,1
bëngatòs,1
batòs,1
kalsedon,1
angatsigban,1
tòs,1
bëngadu,1
bingawoaban,1
efyèè,1
bifono,1
waanyum,1
alobinda,1
bikidëga,1
zòg,1
mimbaṅ,1
bivëlë,1
silik,1
biavie,1
maangayen,1
bëngabad,1
bëlòṅò,1
mindi,1
baangabad,1
baangayen,1
ongabede,1
evëgan,1
bidzaṅ,1
oyii,1
bikalig,1
magog,1
gog,1
bëngawoeban,1
layëlë,1
sardonik,1
maragda,1
